3.991989e+002,-1.377019e-003
4.011274e+002,6.519470e-003
4.030559e+002,1.428030e-002
4.049844e+002,1.633750e-002
4.069129e+002,4.394962e-003
4.088414e+002,7.505864e-003
4.107699e+002,1.578244e-002
4.126984e+002,2.073940e-002
4.146269e+002,1.447209e-002
4.165554e+002,1.345275e-002
4.184839e+002,1.171657e-002
4.204124e+002,2.177350e-002
4.223409e+002,1.568782e-002
4.242694e+002,1.809308e-002
4.261979e+002,1.081449e-003
4.281264e+002,-4.958990e-004
4.300549e+002,6.872547e-003
4.319834e+002,1.914289e-002
4.339119e+002,1.867757e-002
4.358404e+002,1.875565e-002
4.377689e+002,1.006852e-002
4.396974e+002,5.938205e-003
4.416259e+002,3.133765e-003
4.435544e+002,-2.338588e-003
4.454829e+002,-1.938251e-003
4.474114e+002,2.183200e-002
4.493399e+002,2.191751e-002
4.512684e+002,1.022623e-002
4.531969e+002,-1.166044e-003
4.551254e+002,5.362077e-004
4.570539e+002,6.023637e-004
4.589824e+002,4.518755e-003
4.609109e+002,6.801862e-003
4.628394e+002,1.791270e-002
4.647679e+002,2.291852e-002
4.666964e+002,2.664115e-002
4.686248e+002,1.535555e-002
4.705533e+002,1.608436e-002
4.724818e+002,2.126942e-002
4.744103e+002,2.972968e-002
4.763388e+002,3.000816e-002
4.782673e+002,2.859359e-002
4.801958e+002,1.780961e-002
4.821243e+002,2.041276e-002
4.840528e+002,3.142265e-002
4.859813e+002,4.133562e-002
4.879098e+002,4.265989e-002
4.898383e+002,4.500321e-002
4.917668e+002,4.467855e-002
4.936953e+002,4.297086e-002
4.956238e+002,4.489128e-002
4.975523e+002,5.370604e-002
4.994808e+002,5.319779e-002
5.014093e+002,5.410150e-002
5.033378e+002,5.485309e-002
5.052663e+002,5.908830e-002
5.071948e+002,5.910095e-002
5.091233e+002,5.975674e-002
5.110518e+002,5.565802e-002
5.129803e+002,5.725170e-002
5.149088e+002,5.586658e-002
5.168373e+002,5.340153e-002
5.187657e+002,4.941546e-002
5.206943e+002,4.748803e-002
5.226227e+002,5.165553e-002
5.245513e+002,5.700205e-002
5.264797e+002,5.805595e-002
5.284083e+002,6.157792e-002
5.303367e+002,6.063803e-002
5.322653e+002,6.346999e-002
5.341937e+002,6.596980e-002
5.361223e+002,6.934856e-002
5.380507e+002,7.290969e-002
5.399792e+002,7.463563e-002
5.419077e+002,7.507811e-002
5.438362e+002,7.846021e-002
5.457647e+002,8.144046e-002
5.476932e+002,8.348605e-002
5.496217e+002,8.361257e-002
5.515502e+002,8.335010e-002
5.534787e+002,8.073488e-002
5.554072e+002,7.982162e-002
5.573357e+002,7.648347e-002
5.592642e+002,7.306386e-002
5.611927e+002,6.853309e-002
5.631212e+002,6.714610e-002
5.650497e+002,6.727533e-002
5.669782e+002,7.026450e-002
5.689067e+002,7.702634e-002
5.708352e+002,8.884857e-002
5.727637e+002,1.037496e-001
5.746922e+002,1.226405e-001
5.766207e+002,1.387917e-001
5.785492e+002,1.470575e-001
5.804777e+002,1.441628e-001
5.824062e+002,1.333485e-001
5.843347e+002,1.163001e-001
5.862632e+002,1.008600e-001
5.881917e+002,8.830079e-002
5.901202e+002,7.958873e-002
5.920486e+002,7.246275e-002
5.939772e+002,6.826949e-002
5.959056e+002,6.600023e-002
5.978342e+002,6.763084e-002
5.997626e+002,7.251526e-002
6.016912e+002,7.961938e-002
6.036196e+002,8.690333e-002
6.055482e+002,9.641693e-002
6.074766e+002,1.062651e-001
6.094052e+002,1.191765e-001
6.113336e+002,1.289559e-001
6.132621e+002,1.360093e-001
6.151906e+002,1.395553e-001
6.171191e+002,1.379899e-001
6.190476e+002,1.248094e-001
6.209761e+002,1.136773e-001
6.229046e+002,1.010303e-001
6.248331e+002,9.332131e-002
6.267616e+002,8.616457e-002
6.286901e+002,8.358324e-002
6.306186e+002,7.276827e-002
6.325471e+002,6.267691e-002
6.344756e+002,5.236263e-002
6.364041e+002,4.807143e-002
6.383326e+002,3.473572e-002
6.402611e+002,3.264525e-002
6.421896e+002,2.963754e-002
6.441181e+002,2.916808e-002
6.460466e+002,2.059800e-002
6.479750e+002,1.927629e-002
6.499036e+002,1.707142e-002
6.518320e+002,2.081468e-002
6.537606e+002,1.789360e-002
6.556890e+002,1.041279e-002
6.576176e+002,7.058313e-004
6.595460e+002,1.443099e-002
6.614745e+002,1.375384e-002
6.634030e+002,1.288111e-002
6.653315e+002,7.156449e-003
6.672600e+002,1.235110e-002
6.691885e+002,1.215015e-002
6.711170e+002,1.242968e-002
6.730455e+002,4.535128e-003
6.749740e+002,9.004402e-003
6.769025e+002,8.636068e-003
6.788310e+002,1.469516e-002
6.807595e+002,1.378808e-002
6.826880e+002,1.541734e-002
6.846165e+002,1.017749e-002
6.865450e+002,1.438872e-002
6.884735e+002,1.087367e-002
6.904020e+002,1.524380e-002
6.923305e+002,1.684178e-002
6.942590e+002,1.867764e-002
6.961875e+002,1.586402e-002
6.981160e+002,2.383901e-002
7.000445e+002,2.255554e-002
7.019730e+002,2.574487e-002
7.039015e+002,2.343571e-002
7.058300e+002,2.590884e-002
7.077585e+002,2.375071e-002
7.096870e+002,8.299758e-003
7.116155e+002,-1.275824e-002
7.135439e+002,1.118662e-002
7.154725e+002,1.953678e-002
7.174009e+002,2.226781e-002
7.193295e+002,1.900433e-002
7.212579e+002,2.099137e-002
7.231865e+002,1.478854e-002
7.251149e+002,1.946653e-002
7.270435e+002,1.958998e-002
7.289719e+002,2.073408e-002
7.309005e+002,1.173529e-002
7.328289e+002,8.882773e-003
7.347574e+002,9.968595e-003
7.366859e+002,1.946670e-002
7.386144e+002,1.528601e-002
7.405429e+002,7.531216e-003
7.424714e+002,-1.998546e-003
7.443999e+002,4.851278e-003
7.463284e+002,4.130287e-003
7.482569e+002,1.009175e-002
7.501854e+002,9.477984e-003
7.521139e+002,1.419713e-002
7.540424e+002,1.298642e-002
7.559709e+002,9.585960e-003
7.578994e+002,-1.239365e-003
7.598279e+002,-3.898955e-003
7.617564e+002,-9.823011e-003
7.636849e+002,3.913881e-003
7.656134e+002,1.860380e-003
7.675419e+002,7.125191e-003
7.694704e+002,-9.459399e-004
7.713989e+002,3.962631e-003
7.733274e+002,1.193046e-002
7.752559e+002,1.219155e-002
7.771844e+002,-6.641633e-003
7.791129e+002,-1.072684e-002
7.810414e+002,-5.653417e-003
7.829698e+002,3.732673e-003
7.848984e+002,-1.630691e-002
7.868268e+002,-1.926900e-002
7.887554e+002,-1.998765e-002
7.906838e+002,-9.180020e-003
7.926124e+002,-1.315034e-002
7.945408e+002,-2.025964e-002
7.964694e+002,-2.052643e-002
7.983978e+002,-1.151881e-002
8.003264e+002,-1.551951e-002
8.022548e+002,-5.630980e-003
8.041833e+002,-6.972714e-003
8.061118e+002,3.717200e-003
8.080403e+002,8.519712e-003
8.099688e+002,2.632895e-002
8.118973e+002,3.325447e-002
8.138258e+002,5.017809e-002
8.157543e+002,6.833809e-002
8.176828e+002,9.122273e-002
8.196113e+002,1.076224e-001
8.215398e+002,1.239100e-001
8.234683e+002,1.364785e-001
8.253968e+002,1.511008e-001
8.273253e+002,1.641804e-001
8.292538e+002,1.785440e-001
8.311823e+002,1.890444e-001
8.331108e+002,1.961387e-001
8.350393e+002,1.973233e-001
8.369678e+002,1.949241e-001
8.388963e+002,1.905937e-001
8.408248e+002,1.865585e-001
8.427533e+002,1.809483e-001
8.446818e+002,1.761001e-001
8.466103e+002,1.724397e-001
8.485388e+002,1.736182e-001
8.504673e+002,1.776535e-001
8.523958e+002,1.845837e-001
8.543243e+002,1.919564e-001
8.562527e+002,1.965733e-001
8.581813e+002,1.974116e-001
8.601097e+002,1.974702e-001
8.620383e+002,1.963136e-001
8.639667e+002,1.956410e-001
8.658953e+002,1.955027e-001
8.678237e+002,1.953943e-001
8.697523e+002,1.931109e-001
8.716807e+002,1.909477e-001
8.736093e+002,1.837376e-001
8.755377e+002,1.704113e-001
8.774662e+002,1.501912e-001
8.793947e+002,1.264484e-001
8.813232e+002,8.914936e-002
8.832517e+002,4.028502e-002
8.851802e+002,-2.856096e-002
8.871087e+002,-7.220913e-002
8.890372e+002,-9.441036e-002
8.909657e+002,-9.351779e-002
8.928942e+002,-9.335370e-002
8.948227e+002,-7.055890e-002
8.967512e+002,-8.920461e-002
8.986797e+002,-8.641414e-002
9.006082e+002,-9.753055e-002
9.025367e+002,-9.752961e-002
9.044651e+002,-9.540948e-002
9.063937e+002,-6.709217e-002
9.083221e+002,-1.707813e-002
9.102507e+002,5.152478e-002
9.121791e+002,1.075098e-001
9.141077e+002,1.577420e-001
9.160361e+002,1.970356e-001
9.179647e+002,2.470017e-001
9.198931e+002,3.032968e-001
9.218217e+002,3.556530e-001
9.237501e+002,3.815281e-001
9.256786e+002,3.901487e-001
9.276071e+002,4.025276e-001
9.295356e+002,4.273590e-001
9.314641e+002,4.566941e-001
9.333926e+002,4.935908e-001
9.353211e+002,5.369641e-001
9.372496e+002,5.788912e-001
9.391781e+002,6.185545e-001
9.411066e+002,6.618447e-001
9.430351e+002,7.066034e-001
9.449636e+002,7.491320e-001
9.468921e+002,7.813205e-001
9.488206e+002,8.065329e-001
9.507491e+002,8.375923e-001
9.526776e+002,8.782165e-001
9.546061e+002,9.052476e-001
9.565346e+002,9.066274e-001
9.584631e+002,8.997751e-001
9.603916e+002,9.037828e-001
9.623201e+002,8.980898e-001
9.642486e+002,8.438792e-001
9.661771e+002,7.604096e-001
9.681056e+002,7.003021e-001
9.700341e+002,6.805366e-001
9.719626e+002,6.864308e-001
9.738911e+002,6.978766e-001
9.758196e+002,6.991757e-001
9.777480e+002,6.818094e-001
9.796766e+002,6.452028e-001
9.816050e+002,5.969386e-001
9.835336e+002,5.464728e-001
9.854620e+002,5.010764e-001
9.873906e+002,4.802223e-001
9.893190e+002,4.827649e-001
9.912476e+002,4.922688e-001
9.931760e+002,4.926966e-001
9.951046e+002,4.844754e-001
9.970330e+002,4.651909e-001
9.989615e+002,4.382733e-001
1.000890e+003,4.102451e-001
1.002819e+003,3.863664e-001
1.004747e+003,3.675338e-001
1.006676e+003,3.513188e-001
1.008604e+003,3.334818e-001
1.010533e+003,3.160548e-001
1.012461e+003,3.022825e-001
1.014390e+003,2.974897e-001
1.016318e+003,2.998318e-001
1.018247e+003,3.040095e-001
1.020175e+003,3.123712e-001
1.022104e+003,3.283138e-001
1.024032e+003,3.481181e-001
1.025960e+003,3.683807e-001
1.027889e+003,3.883985e-001
1.029818e+003,4.152938e-001
1.031746e+003,4.612396e-001
1.033674e+003,5.459693e-001
1.035603e+003,6.895012e-001
1.037531e+003,8.908343e-001
1.039460e+003,1.055234e+000
1.041388e+003,9.937901e-001
1.043317e+003,7.788616e-001
1.045245e+003,5.985298e-001
1.047174e+003,4.933487e-001
1.049102e+003,4.453290e-001
1.051031e+003,4.340370e-001
1.052959e+003,4.496093e-001
1.054888e+003,4.897154e-001
1.056816e+003,5.570610e-001
1.058745e+003,6.568874e-001
1.060673e+003,7.965101e-001
1.062602e+003,9.801815e-001
1.064530e+003,1.200838e+000
1.066459e+003,1.419731e+000
1.068387e+003,1.551724e+000
1.070316e+003,1.557865e+000
1.072244e+003,1.501098e+000
1.074173e+003,1.454145e+000
1.076101e+003,1.461479e+000
1.078030e+003,1.498099e+000
1.079958e+003,1.524904e+000
1.081887e+003,1.459890e+000
1.083815e+003,1.275074e+000
1.085744e+003,1.061229e+000
1.087672e+003,8.795552e-001
1.089601e+003,7.418327e-001
1.091529e+003,6.451579e-001
1.093458e+003,5.860879e-001
1.095386e+003,5.571545e-001
1.097315e+003,5.498223e-001
1.099243e+003,5.596939e-001
1.101172e+003,5.861025e-001
1.103100e+003,6.305460e-001
1.105029e+003,6.931016e-001
1.106957e+003,7.789317e-001
1.108886e+003,8.894925e-001
1.110814e+003,1.019305e+000
1.112743e+003,1.147740e+000
1.114671e+003,1.235533e+000
1.116600e+003,1.257843e+000
1.118528e+003,1.219348e+000
1.120457e+003,1.159975e+000
1.122385e+003,1.101161e+000
1.124314e+003,1.050347e+000
1.126242e+003,9.931715e-001
1.128171e+003,9.333683e-001
1.130099e+003,9.019933e-001
1.132028e+003,8.655129e-001
1.133956e+003,8.221382e-001
1.135885e+003,7.806146e-001
1.137813e+003,7.343028e-001
1.139742e+003,6.744152e-001
1.141670e+003,6.102443e-001
1.143599e+003,5.513270e-001
1.145527e+003,5.057561e-001
1.147456e+003,4.365214e-001
1.149384e+003,3.700250e-001
1.151313e+003,2.966725e-001
1.153241e+003,2.435755e-001
1.155170e+003,2.087568e-001
1.157098e+003,2.047751e-001
1.159027e+003,2.200027e-001
1.160955e+003,2.672653e-001
1.162884e+003,3.039113e-001
1.164812e+003,3.440114e-001
1.166741e+003,3.635764e-001
1.168669e+003,3.644338e-001
1.170598e+003,3.472171e-001
1.172526e+003,3.364367e-001
1.174455e+003,3.202464e-001
1.176383e+003,3.068297e-001
1.178312e+003,2.924988e-001
1.180240e+003,2.835951e-001
1.182169e+003,2.757540e-001
1.184097e+003,2.750065e-001
1.186026e+003,2.740576e-001
1.187954e+003,2.737471e-001
1.189883e+003,2.712362e-001
1.191811e+003,2.773903e-001
1.193740e+003,2.826433e-001
1.195668e+003,2.880753e-001
1.197597e+003,2.886691e-001
1.199525e+003,2.911631e-001
1.201454e+003,2.865764e-001
1.203382e+003,2.785587e-001
1.205311e+003,2.537103e-001
1.207239e+003,2.285245e-001
1.209168e+003,1.985884e-001
1.211096e+003,1.689003e-001
1.213025e+003,1.313714e-001
1.214953e+003,1.007509e-001
1.216882e+003,5.501161e-002
1.218810e+003,3.009696e-002
1.220739e+003,6.714831e-004
1.222667e+003,-2.728309e-002
1.224596e+003,-6.286610e-002
1.226524e+003,-7.230490e-002
1.228453e+003,-9.921107e-002
1.230381e+003,-1.040642e-001
1.232310e+003,-1.242942e-001
1.234238e+003,-1.111112e-001
1.236167e+003,-1.135389e-001
1.238095e+003,-1.049697e-001
1.240024e+003,-1.163234e-001
1.241952e+003,-1.050643e-001
1.243881e+003,-1.115585e-001
1.245809e+003,-9.644604e-002
1.247738e+003,-1.055758e-001
1.249666e+003,-9.438641e-002
1.251595e+003,-9.608958e-002
1.253523e+003,-7.324333e-002
1.255452e+003,-8.245686e-002
1.257380e+003,-7.885773e-002
1.259309e+003,-9.831258e-002
1.261237e+003,-9.324497e-002
1.263166e+003,-9.685753e-002
1.265094e+003,-9.026960e-002
1.267023e+003,-1.029557e-001
1.268951e+003,-8.671734e-002
1.270880e+003,-1.038368e-001
1.272808e+003,-1.071433e-001
1.274737e+003,-1.193630e-001
1.276665e+003,-9.743703e-002
1.278594e+003,-1.100028e-001
1.280522e+003,-1.070625e-001
1.282451e+003,-1.224009e-001
1.284379e+003,-1.180731e-001
1.286308e+003,-1.295573e-001
1.288236e+003,-1.139060e-001
1.290165e+003,-1.252106e-001
1.292093e+003,-1.114952e-001
1.294022e+003,-1.128745e-001
1.295950e+003,-1.063285e-001
1.297879e+003,-1.260485e-001
1.299807e+003,-1.147233e-001
1.301736e+003,-1.291043e-001
1.303664e+003,-1.152547e-001
1.305593e+003,-1.137518e-001
1.307521e+003,-7.281101e-002
1.309450e+003,-4.708895e-002
1.311378e+003,-5.615673e-003
1.313307e+003,3.259860e-002
1.315235e+003,9.410897e-002
1.317164e+003,1.545779e-001
1.319092e+003,2.297859e-001
1.321021e+003,2.914717e-001
1.322949e+003,3.572148e-001
1.324878e+003,4.050935e-001
1.326806e+003,4.496332e-001
1.328734e+003,4.889609e-001
1.330663e+003,5.203556e-001
1.332592e+003,5.473714e-001
1.334520e+003,5.813149e-001
1.336448e+003,6.055785e-001
1.338377e+003,6.223047e-001
1.340306e+003,6.311200e-001
1.342234e+003,6.357554e-001
1.344162e+003,6.131907e-001
1.346091e+003,5.790838e-001
1.348020e+003,5.540679e-001
1.349948e+003,5.459324e-001
1.351876e+003,5.488431e-001
1.353805e+003,5.626480e-001
1.355734e+003,5.765957e-001
1.357662e+003,5.836124e-001
1.359590e+003,5.709566e-001
1.361519e+003,5.475090e-001
1.363448e+003,5.309276e-001
1.365376e+003,5.341800e-001
1.367304e+003,5.433059e-001
1.369233e+003,5.665326e-001
1.371161e+003,5.970058e-001
1.373090e+003,6.267282e-001
1.375018e+003,6.682255e-001
1.376947e+003,7.057744e-001
1.378875e+003,6.953272e-001
1.380804e+003,6.642997e-001
1.382732e+003,6.168881e-001
1.384661e+003,5.635362e-001
1.386589e+003,4.801039e-001
1.388518e+003,4.233572e-001
1.390446e+003,3.802605e-001
1.392375e+003,3.095852e-001
1.394303e+003,1.962510e-001
1.396232e+003,1.243724e-001
1.398160e+003,5.885455e-002
1.400089e+003,1.799682e-002
1.402017e+003,-3.863127e-002
1.403946e+003,-7.104586e-002
1.405874e+003,-1.095707e-001
1.407803e+003,-1.024318e-001
1.409731e+003,-1.309869e-001
1.411660e+003,-1.222799e-001
1.413588e+003,-1.388796e-001
1.415517e+003,-1.040002e-001
1.417445e+003,-1.227136e-001
1.419374e+003,-1.034205e-001
1.421302e+003,-1.112551e-001
1.423231e+003,-9.123544e-002
1.425159e+003,-1.164224e-001
1.427088e+003,-1.006117e-001
1.429016e+003,-1.119832e-001
1.430945e+003,-7.889858e-002
1.432873e+003,-9.266964e-002
1.434802e+003,-6.504714e-002
1.436730e+003,-8.717655e-002
1.438659e+003,-8.261638e-002
1.440587e+003,-1.119498e-001
1.442516e+003,-9.696922e-002
1.444444e+003,-1.102194e-001
1.446373e+003,-8.518230e-002
1.448301e+003,-1.219838e-001
1.450230e+003,-9.395415e-002
1.452158e+003,-9.796404e-002
1.454087e+003,-5.256632e-002
1.456015e+003,-6.620003e-002
1.457944e+003,-1.913525e-002
1.459872e+003,2.204089e-002
1.461801e+003,1.092579e-001
1.463729e+003,1.474392e-001
1.465658e+003,2.476018e-001
1.467586e+003,3.510143e-001
1.469515e+003,4.360911e-001
1.471443e+003,4.376432e-001
1.473372e+003,4.713437e-001
1.475300e+003,4.934172e-001
1.477229e+003,4.803166e-001
1.479157e+003,4.553255e-001
1.481086e+003,4.302410e-001
1.483014e+003,4.317381e-001
1.484943e+003,4.700757e-001
1.486871e+003,5.296128e-001
1.488800e+003,5.640870e-001
1.490728e+003,5.031698e-001
1.492657e+003,4.102141e-001
1.494585e+003,3.270970e-001
1.496514e+003,2.656622e-001
1.498442e+003,2.358564e-001
1.500371e+003,2.292188e-001
1.502299e+003,2.272343e-001
1.504228e+003,2.249757e-001
1.506156e+003,2.057051e-001
1.508085e+003,1.844969e-001
1.510013e+003,1.687662e-001
1.511942e+003,1.548554e-001
1.513870e+003,1.418879e-001
1.515799e+003,1.335334e-001
1.517727e+003,1.247145e-001
1.519656e+003,1.206516e-001
1.521584e+003,1.155101e-001
1.523513e+003,1.136165e-001
1.525441e+003,1.111715e-001
1.527370e+003,1.095625e-001
1.529298e+003,1.059334e-001
1.531227e+003,1.042035e-001
1.533155e+003,1.007474e-001
1.535084e+003,9.748602e-002
1.537012e+003,9.390499e-002
1.538941e+003,9.083034e-002
1.540869e+003,8.283608e-002
1.542798e+003,7.923730e-002
1.544726e+003,7.045043e-002
1.546655e+003,6.211695e-002
1.548583e+003,4.798254e-002
1.550512e+003,4.118452e-002
1.552440e+003,3.705567e-002
1.554369e+003,5.361636e-002
1.556297e+003,6.124007e-002
1.558226e+003,7.481918e-002
1.560154e+003,8.278548e-002
1.562083e+003,9.049810e-002
1.564011e+003,1.003329e-001
1.565940e+003,1.173576e-001
1.567868e+003,1.328334e-001
1.569797e+003,1.576471e-001
1.571725e+003,1.865706e-001
1.573654e+003,2.313743e-001
1.575582e+003,3.379310e-001
1.577511e+003,5.661152e-001
1.579439e+003,7.559958e-001
1.581368e+003,7.799552e-001
1.583296e+003,5.761930e-001
1.585225e+003,3.920809e-001
1.587153e+003,2.843461e-001
1.589082e+003,2.356700e-001
1.591010e+003,2.249016e-001
1.592939e+003,2.501645e-001
1.594867e+003,3.173713e-001
1.596796e+003,4.390468e-001
1.598724e+003,5.807241e-001
1.600653e+003,6.127776e-001
1.602581e+003,4.612315e-001
1.604510e+003,2.913894e-001
1.606438e+003,1.794127e-001
1.608367e+003,1.255998e-001
1.610295e+003,1.029664e-001
1.612224e+003,9.595019e-002
1.614152e+003,9.399561e-002
1.616081e+003,9.684657e-002
1.618009e+003,9.920064e-002
1.619938e+003,1.020753e-001
1.621866e+003,1.046727e-001
1.623795e+003,1.078460e-001
1.625723e+003,1.090365e-001
1.627652e+003,1.117684e-001
1.629580e+003,1.131470e-001
1.631509e+003,1.150469e-001
1.633437e+003,1.163900e-001
1.635366e+003,1.192348e-001
1.637294e+003,1.189591e-001
1.639223e+003,1.195335e-001
1.641151e+003,1.199898e-001
1.643080e+003,1.222094e-001
1.645008e+003,1.248477e-001
1.646937e+003,1.310170e-001
1.648865e+003,1.341616e-001
1.650794e+003,1.385374e-001
1.652722e+003,1.464571e-001
1.654651e+003,1.573775e-001
1.656579e+003,1.627019e-001
1.658508e+003,1.731037e-001
1.660436e+003,1.846554e-001
1.662365e+003,2.022949e-001
1.664293e+003,2.213804e-001
1.666222e+003,2.420951e-001
1.668150e+003,2.666896e-001
1.670078e+003,3.038904e-001
1.672007e+003,3.358259e-001
1.673936e+003,3.700487e-001
1.675864e+003,4.140651e-001
1.677792e+003,4.553784e-001
1.679721e+003,4.920239e-001
1.681650e+003,5.310250e-001
1.683578e+003,5.682268e-001
1.685506e+003,6.301041e-001
1.687435e+003,6.686380e-001
1.689364e+003,7.232032e-001
1.691292e+003,7.889870e-001
1.693220e+003,8.646505e-001
1.695149e+003,9.612749e-001
1.697078e+003,1.138273e+000
1.699006e+003,1.252214e+000
1.700934e+003,1.515418e+000
1.702863e+003,1.723146e+000
1.704792e+003,1.835497e+000
1.706720e+003,1.820254e+000
1.708648e+003,1.847157e+000
1.710577e+003,1.724981e+000
1.712505e+003,1.649506e+000
1.714434e+003,1.460650e+000
1.716362e+003,1.339513e+000
1.718291e+003,1.247522e+000
1.720219e+003,1.348259e+000
1.722148e+003,1.352237e+000
1.724076e+003,1.426302e+000
1.726005e+003,1.445366e+000
1.727933e+003,1.528813e+000
1.729862e+003,1.554860e+000
1.731790e+003,1.621126e+000
1.733719e+003,1.579891e+000
1.735647e+003,1.791978e+000
1.737576e+003,1.870693e+000
1.739504e+003,1.945578e+000
1.741433e+003,1.949688e+000
1.743361e+003,1.920502e+000
1.745290e+003,1.737335e+000
1.747218e+003,1.512394e+000
1.749147e+003,1.268046e+000
1.751075e+003,1.054151e+000
1.753004e+003,8.865595e-001
1.754932e+003,7.685812e-001
1.756861e+003,6.558044e-001
1.758789e+003,5.731632e-001
1.760718e+003,5.103141e-001
1.762646e+003,4.505522e-001
1.764575e+003,4.072108e-001
1.766503e+003,3.708427e-001
1.768432e+003,3.351579e-001
1.770360e+003,3.071894e-001
1.772289e+003,2.784701e-001
1.774217e+003,2.525046e-001
1.776146e+003,2.333317e-001
1.778074e+003,2.154197e-001
1.780003e+003,1.993413e-001
1.781931e+003,1.832657e-001
1.783860e+003,1.698209e-001
1.785788e+003,1.561181e-001
1.787717e+003,1.445809e-001
1.789645e+003,1.349245e-001
1.791574e+003,1.257420e-001
1.793502e+003,1.154538e-001
1.795431e+003,1.078323e-001
1.797359e+003,1.008337e-001
1.799288e+003,9.495706e-002
1.801216e+003,8.882275e-002
1.803145e+003,8.338752e-002
1.805073e+003,7.851027e-002
1.807002e+003,7.505511e-002
1.808930e+003,7.204381e-002
1.810859e+003,6.978226e-002
1.812787e+003,6.700729e-002
1.814716e+003,6.513919e-002
1.816644e+003,6.293865e-002
1.818573e+003,6.048082e-002
1.820501e+003,5.763606e-002
1.822430e+003,5.576564e-002
1.824358e+003,5.415296e-002
1.826287e+003,5.278238e-002
1.828215e+003,5.203497e-002
1.830144e+003,5.232282e-002
1.832072e+003,5.213624e-002
1.834001e+003,5.388126e-002
1.835929e+003,5.662304e-002
1.837858e+003,6.075718e-002
1.839786e+003,6.471632e-002
1.841715e+003,6.890694e-002
1.843643e+003,7.101335e-002
1.845572e+003,6.922656e-002
1.847500e+003,6.397149e-002
1.849429e+003,5.668186e-002
1.851357e+003,4.830819e-002
1.853286e+003,4.071137e-002
1.855214e+003,3.405748e-002
1.857143e+003,2.915912e-002
1.859071e+003,2.542962e-002
1.861000e+003,2.322216e-002
1.862928e+003,2.183973e-002
1.864857e+003,2.193682e-002
1.866785e+003,2.343194e-002
1.868714e+003,2.587518e-002
1.870642e+003,2.748637e-002
1.872571e+003,2.925569e-002
1.874499e+003,3.026852e-002
1.876428e+003,2.971545e-002
1.878356e+003,2.705460e-002
1.880285e+003,2.349108e-002
1.882213e+003,1.966750e-002
1.884142e+003,1.683610e-002
1.886070e+003,1.462288e-002
1.887999e+003,1.355337e-002
1.889927e+003,1.241898e-002
1.891856e+003,1.136086e-002
1.893784e+003,1.084765e-002
1.895713e+003,1.049163e-002
1.897641e+003,9.769389e-003
1.899570e+003,9.427799e-003
1.901498e+003,9.062015e-003
1.903427e+003,9.109147e-003
1.905355e+003,9.239538e-003
1.907284e+003,9.772304e-003
1.909212e+003,1.022830e-002
1.911141e+003,1.095692e-002
1.913069e+003,1.173043e-002
1.914998e+003,1.284401e-002
1.916926e+003,1.397018e-002
1.918855e+003,1.436529e-002
1.920783e+003,1.391088e-002
1.922712e+003,1.347722e-002
1.924640e+003,1.219905e-002
1.926569e+003,1.136416e-002
1.928497e+003,1.084823e-002
1.930426e+003,1.105415e-002
1.932354e+003,1.184901e-002
1.934283e+003,1.364859e-002
1.936211e+003,1.631772e-002
1.938140e+003,2.039484e-002
1.940068e+003,2.559175e-002
1.941997e+003,3.256610e-002
1.943925e+003,3.992831e-002
1.945854e+003,4.691689e-002
1.947782e+003,5.205432e-002
1.949711e+003,5.368598e-002
1.951639e+003,5.031211e-002
1.953568e+003,4.304706e-002
1.955496e+003,3.339224e-002
1.957425e+003,2.397348e-002
1.959353e+003,1.597008e-002
1.961282e+003,1.003420e-002
1.963210e+003,5.642544e-003
1.965139e+003,3.338796e-003
1.967067e+003,2.529782e-003
1.968996e+003,3.441849e-003
1.970924e+003,6.350587e-003
1.972853e+003,1.146818e-002
1.974781e+003,1.758079e-002
1.976710e+003,2.379218e-002
1.978638e+003,2.768367e-002
1.980567e+003,2.815746e-002
1.982495e+003,2.484990e-002
1.984424e+003,1.926992e-002
1.986352e+003,1.287565e-002
1.988281e+003,7.278168e-003
1.990209e+003,2.659012e-003
1.992138e+003,-8.884414e-004
1.994066e+003,-3.791595e-003
1.995995e+003,-5.651716e-003
1.997923e+003,-7.232182e-003
1.999852e+003,-8.051132e-003
2.001780e+003,-8.582694e-003
2.003708e+003,-8.808963e-003
2.005637e+003,-9.117437e-003
2.007566e+003,-9.111791e-003
2.009494e+003,-9.308500e-003
2.011422e+003,-9.263288e-003
2.013351e+003,-9.203766e-003
2.015280e+003,-8.856268e-003
2.017208e+003,-8.594065e-003
2.019136e+003,-8.356959e-003
2.021065e+003,-8.204885e-003
2.022994e+003,-7.726471e-003
2.024922e+003,-7.321331e-003
2.026850e+003,-6.783393e-003
2.028779e+003,-6.462615e-003
2.030708e+003,-6.261967e-003
2.032636e+003,-6.473191e-003
2.034564e+003,-6.784502e-003
2.036493e+003,-7.470262e-003
2.038422e+003,-8.079915e-003
2.040350e+003,-8.823542e-003
2.042278e+003,-9.594580e-003
2.044207e+003,-1.049280e-002
2.046135e+003,-1.116812e-002
2.048064e+003,-1.213792e-002
2.049992e+003,-1.354562e-002
2.051921e+003,-1.643361e-002
2.053849e+003,-2.049628e-002
2.055778e+003,-2.206020e-002
2.057707e+003,-1.821023e-002
2.059635e+003,-1.376335e-002
2.061563e+003,-1.060702e-002
2.063492e+003,-8.617713e-003
2.065420e+003,-7.059144e-003
2.067349e+003,-6.299361e-003
2.069277e+003,-5.693349e-003
2.071206e+003,-5.216088e-003
2.073135e+003,-4.644229e-003
2.075063e+003,-4.288928e-003
2.076991e+003,-3.897149e-003
2.078920e+003,-3.597760e-003
2.080848e+003,-3.369680e-003
2.082777e+003,-3.358206e-003
2.084705e+003,-3.262123e-003
2.086634e+003,-3.305498e-003
2.088563e+003,-3.271430e-003
2.090491e+003,-3.340845e-003
2.092419e+003,-3.323287e-003
2.094348e+003,-3.375335e-003
2.096276e+003,-3.374349e-003
2.098205e+003,-3.488386e-003
2.100133e+003,-3.580311e-003
2.102062e+003,-3.793730e-003
2.103990e+003,-3.835935e-003
2.105919e+003,-4.152193e-003
2.107847e+003,-4.652424e-003
2.109776e+003,-5.407925e-003
2.111704e+003,-6.077498e-003
2.113633e+003,-7.223025e-003
2.115561e+003,-8.728141e-003
2.117490e+003,-1.075916e-002
2.119418e+003,-1.282169e-002
2.121347e+003,-1.517181e-002
2.123275e+003,-1.700689e-002
2.125204e+003,-1.755441e-002
2.127132e+003,-1.637813e-002
2.129061e+003,-1.505587e-002
2.130989e+003,-1.327579e-002
2.132918e+003,-1.163414e-002
2.134846e+003,-9.916131e-003
2.136775e+003,-8.789612e-003
2.138703e+003,-7.897682e-003
2.140632e+003,-7.401373e-003
2.142560e+003,-7.115180e-003
2.144489e+003,-7.335177e-003
2.146417e+003,-7.767222e-003
2.148346e+003,-8.657145e-003
2.150274e+003,-9.403870e-003
2.152203e+003,-1.035639e-002
2.154131e+003,-1.072548e-002
2.156060e+003,-1.073899e-002
2.157988e+003,-1.000842e-002
2.159917e+003,-9.200847e-003
2.161845e+003,-8.825717e-003
2.163774e+003,-9.243697e-003
2.165702e+003,-9.631137e-003
2.167631e+003,-1.038227e-002
2.169559e+003,-1.123829e-002
2.171488e+003,-1.201698e-002
2.173416e+003,-1.232566e-002
2.175345e+003,-1.247118e-002
2.177273e+003,-1.248325e-002
2.179202e+003,-1.250344e-002
2.181130e+003,-1.228724e-002
2.183059e+003,-1.209245e-002
2.184987e+003,-1.166366e-002
2.186916e+003,-1.118691e-002
2.188844e+003,-1.061989e-002
2.190773e+003,-1.018867e-002
2.192701e+003,-9.657159e-003
2.194630e+003,-9.132783e-003
2.196558e+003,-8.517361e-003
2.198487e+003,-7.966070e-003
2.200415e+003,-7.313870e-003
2.202344e+003,-6.740919e-003
2.204272e+003,-6.238386e-003
2.206201e+003,-5.950804e-003
2.208129e+003,-5.609197e-003
2.210058e+003,-5.522706e-003
2.211986e+003,-5.556860e-003
2.213915e+003,-5.888146e-003
2.215843e+003,-6.073676e-003
2.217772e+003,-6.361666e-003
2.219700e+003,-6.583481e-003
2.221629e+003,-6.788384e-003
2.223557e+003,-6.646626e-003
2.225486e+003,-6.473061e-003
2.227414e+003,-6.117456e-003
2.229343e+003,-5.750672e-003
2.231271e+003,-5.422094e-003
2.233200e+003,-5.430832e-003
2.235128e+003,-5.456976e-003
2.237057e+003,-5.558037e-003
2.238985e+003,-5.357069e-003
2.240914e+003,-5.183348e-003
2.242842e+003,-5.041622e-003
2.244771e+003,-5.182071e-003
2.246699e+003,-5.161575e-003
2.248628e+003,-5.300512e-003
2.250556e+003,-5.283916e-003
2.252485e+003,-5.219165e-003
2.254413e+003,-5.146938e-003
2.256342e+003,-5.455961e-003
2.258270e+003,-5.648184e-003
2.260199e+003,-5.749299e-003
2.262127e+003,-5.793341e-003
2.264056e+003,-5.998780e-003
2.265984e+003,-6.091548e-003
2.267913e+003,-6.364572e-003
2.269841e+003,-6.601593e-003
2.271770e+003,-7.112768e-003
2.273698e+003,-7.787888e-003
2.275627e+003,-8.691248e-003
2.277555e+003,-9.370116e-003
2.279484e+003,-1.020751e-002
2.281412e+003,-1.082158e-002
2.283341e+003,-1.198036e-002
2.285269e+003,-1.333360e-002
2.287198e+003,-1.563107e-002
2.289126e+003,-1.771199e-002
2.291055e+003,-1.940441e-002
2.292983e+003,-1.909917e-002
2.294912e+003,-1.859884e-002
2.296840e+003,-6.006133e-003
2.298769e+003,6.385656e-003
2.300697e+003,1.729165e-002
2.302625e+003,1.152466e-002
2.304554e+003,1.914971e-002
2.306483e+003,2.159005e-002
2.308411e+003,1.827040e-002
2.310340e+003,-5.399450e-003
2.312268e+003,-9.608451e-003
2.314197e+003,-1.365695e-002
2.316125e+003,-1.075018e-002
2.318053e+003,-8.393067e-003
2.319982e+003,-3.342555e-003
2.321911e+003,-1.041941e-004
2.323839e+003,3.220646e-003
2.325768e+003,6.308863e-003
2.327696e+003,1.028588e-002
2.329625e+003,1.387052e-002
2.331553e+003,1.582195e-002
2.333481e+003,1.420617e-002
2.335410e+003,1.122925e-002
2.337339e+003,7.861298e-003
2.339267e+003,7.034730e-003
2.341196e+003,7.163590e-003
2.343124e+003,8.091561e-003
2.345052e+003,8.071139e-003
2.346981e+003,6.540929e-003
2.348909e+003,5.951407e-003
2.350838e+003,8.024525e-003
2.352767e+003,1.034067e-002
2.354695e+003,1.206194e-002
2.356624e+003,1.291542e-002
2.358552e+003,1.363638e-002
2.360480e+003,1.386371e-002
2.362409e+003,1.396368e-002
2.364337e+003,1.376677e-002
2.366266e+003,1.387958e-002
2.368195e+003,1.345640e-002
2.370123e+003,1.309954e-002
2.372052e+003,1.236644e-002
2.373980e+003,1.161725e-002
2.375908e+003,1.054608e-002
2.377837e+003,9.444764e-003
2.379765e+003,8.327419e-003
2.381694e+003,7.356817e-003
2.383622e+003,6.561213e-003
2.385551e+003,6.156395e-003
2.387479e+003,5.623311e-003
2.389408e+003,5.216012e-003
2.391336e+003,4.479618e-003
2.393265e+003,3.530462e-003
2.395193e+003,2.400856e-003
2.397122e+003,1.400047e-003
2.399050e+003,-1.028690e-004
2.400979e+003,-2.235489e-003
2.402907e+003,-6.297728e-003
2.404836e+003,-1.160137e-002
2.406764e+003,-1.760532e-002
2.408693e+003,-2.316872e-002
2.410621e+003,-2.750760e-002
2.412550e+003,-2.461272e-002
2.414478e+003,-1.780582e-002
2.416407e+003,-8.901294e-003
2.418335e+003,-1.945277e-003
2.420264e+003,3.334723e-003
2.422192e+003,5.824417e-003
2.424121e+003,6.764504e-003
2.426049e+003,6.643635e-003
2.427978e+003,5.623714e-003
2.429906e+003,3.940094e-003
2.431835e+003,2.332661e-003
2.433763e+003,6.730760e-004
2.435692e+003,-8.008068e-004
2.437620e+003,-2.427264e-003
2.439549e+003,-3.943842e-003
2.441477e+003,-5.439732e-003
2.443406e+003,-6.741832e-003
2.445334e+003,-8.122779e-003
2.447263e+003,-9.435937e-003
2.449191e+003,-1.054199e-002
2.451120e+003,-1.144998e-002
2.453048e+003,-1.227171e-002
2.454977e+003,-1.283832e-002
2.456905e+003,-1.344161e-002
2.458834e+003,-1.397667e-002
2.460762e+003,-1.454330e-002
2.462691e+003,-1.503830e-002
2.464619e+003,-1.556471e-002
2.466548e+003,-1.603722e-002
2.468476e+003,-1.653225e-002
2.470405e+003,-1.695015e-002
2.472333e+003,-1.748360e-002
2.474262e+003,-1.787257e-002
2.476190e+003,-1.807651e-002
2.478119e+003,-1.790341e-002
2.480047e+003,-1.769679e-002
2.481976e+003,-1.732921e-002
2.483904e+003,-1.683844e-002
2.485833e+003,-1.651678e-002
2.487761e+003,-1.652137e-002
2.489690e+003,-1.665742e-002
2.491618e+003,-1.679965e-002
2.493547e+003,-1.675062e-002
2.495475e+003,-1.659377e-002
2.497404e+003,-1.624094e-002
2.499332e+003,-1.581878e-002
2.501261e+003,-1.536522e-002
2.503189e+003,-1.497063e-002
2.505118e+003,-1.447514e-002
2.507046e+003,-1.400323e-002
2.508975e+003,-1.370762e-002
2.510903e+003,-1.394307e-002
2.512832e+003,-1.463323e-002
2.514760e+003,-1.583993e-002
2.516689e+003,-1.707460e-002
2.518617e+003,-1.885913e-002
2.520546e+003,-2.036572e-002
2.522474e+003,-1.918889e-002
2.524403e+003,-1.451949e-002
2.526331e+003,-8.827957e-003
2.528260e+003,-3.129276e-003
2.530188e+003,1.526348e-003
2.532117e+003,4.643857e-003
2.534045e+003,6.605484e-003
2.535974e+003,8.187341e-003
2.537902e+003,9.145726e-003
2.539831e+003,9.697994e-003
2.541759e+003,1.007978e-002
2.543688e+003,1.032031e-002
2.545616e+003,1.027322e-002
2.547545e+003,1.041649e-002
2.549473e+003,1.056964e-002
2.551402e+003,1.081456e-002
2.553330e+003,1.115004e-002
2.555259e+003,1.156512e-002
2.557187e+003,1.190305e-002
2.559116e+003,1.252731e-002
2.561044e+003,1.343908e-002
2.562973e+003,1.465047e-002
2.564901e+003,1.606693e-002
2.566830e+003,1.759753e-002
2.568758e+003,1.930494e-002
2.570687e+003,2.120874e-002
2.572615e+003,2.310281e-002
2.574544e+003,2.498971e-002
2.576472e+003,2.660335e-002
2.578401e+003,2.813862e-002
2.580329e+003,2.938111e-002
2.582258e+003,3.025139e-002
2.584186e+003,3.078925e-002
2.586115e+003,3.112244e-002
2.588043e+003,3.122336e-002
2.589972e+003,3.141545e-002
2.591900e+003,3.155012e-002
2.593829e+003,3.170425e-002
2.595757e+003,3.200518e-002
2.597686e+003,3.226920e-002
2.599614e+003,3.241009e-002
2.601543e+003,3.261328e-002
2.603471e+003,3.274442e-002
2.605400e+003,3.277294e-002
2.607328e+003,3.236001e-002
2.609257e+003,3.175960e-002
2.611185e+003,3.097830e-002
2.613114e+003,3.039281e-002
2.615042e+003,2.979951e-002
2.616971e+003,2.917652e-002
2.618899e+003,2.854497e-002
2.620828e+003,2.780693e-002
2.622756e+003,2.691790e-002
2.624685e+003,2.616256e-002
2.626613e+003,2.544149e-002
2.628542e+003,2.480209e-002
2.630470e+003,2.433828e-002
2.632398e+003,2.408495e-002
2.634327e+003,2.382781e-002
2.636256e+003,2.370917e-002
2.638184e+003,2.373790e-002
2.640113e+003,2.379071e-002
2.642041e+003,2.387948e-002
2.643969e+003,2.433292e-002
2.645898e+003,2.491931e-002
2.647826e+003,2.569706e-002
2.649755e+003,2.676870e-002
2.651684e+003,2.801070e-002
2.653612e+003,2.924481e-002
2.655541e+003,3.072484e-002
2.657469e+003,3.225896e-002
2.659397e+003,3.408464e-002
2.661326e+003,3.635849e-002
2.663254e+003,3.914759e-002
2.665183e+003,4.176240e-002
2.667112e+003,4.384747e-002
2.669040e+003,4.510678e-002
2.670969e+003,4.539791e-002
2.672897e+003,4.459920e-002
2.674825e+003,4.242480e-002
2.676754e+003,3.819486e-002
2.678682e+003,3.088618e-002
2.680611e+003,1.974523e-002
2.682540e+003,3.197480e-003
2.684468e+003,-1.909035e-002
2.686396e+003,-1.860309e-002
2.688325e+003,-1.395251e-003
2.690253e+003,1.377101e-002
2.692182e+003,2.391253e-002
2.694110e+003,3.040286e-002
2.696039e+003,3.397033e-002
2.697968e+003,3.643700e-002
2.699896e+003,3.833964e-002
2.701824e+003,3.995875e-002
2.703753e+003,4.160692e-002
2.705681e+003,4.342923e-002
2.707610e+003,4.520734e-002
2.709538e+003,4.741082e-002
2.711467e+003,4.999068e-002
2.713396e+003,5.298040e-002
2.715324e+003,5.618836e-002
2.717252e+003,5.950367e-002
2.719181e+003,6.286765e-002
2.721109e+003,6.667364e-002
2.723038e+003,7.146904e-002
2.724966e+003,7.767203e-002
2.726895e+003,8.500189e-002
2.728823e+003,9.229449e-002
2.730752e+003,9.808184e-002
2.732680e+003,1.013533e-001
2.734609e+003,1.019299e-001
2.736537e+003,1.005227e-001
2.738466e+003,9.766027e-002
2.740394e+003,9.407971e-002
2.742323e+003,9.028814e-002
2.744251e+003,8.704428e-002
2.746180e+003,8.439326e-002
2.748108e+003,8.229411e-002
2.750037e+003,8.063868e-002
2.751965e+003,7.935967e-002
2.753894e+003,7.835238e-002
2.755822e+003,7.787717e-002
2.757751e+003,7.781478e-002
2.759679e+003,7.808439e-002
2.761608e+003,7.847919e-002
2.763536e+003,7.906912e-002
2.765465e+003,7.982289e-002
2.767393e+003,8.044922e-002
2.769322e+003,8.114608e-002
2.771250e+003,8.213919e-002
2.773179e+003,8.343454e-002
2.775107e+003,8.520532e-002
2.777036e+003,8.755026e-002
2.778964e+003,9.058626e-002
2.780893e+003,9.435669e-002
2.782821e+003,9.885877e-002
2.784750e+003,1.039274e-001
2.786678e+003,1.095984e-001
2.788607e+003,1.155034e-001
2.790535e+003,1.216826e-001
2.792464e+003,1.283801e-001
2.794392e+003,1.357186e-001
2.796321e+003,1.439668e-001
2.798249e+003,1.530542e-001
2.800178e+003,1.624729e-001
2.802106e+003,1.721996e-001
2.804035e+003,1.821817e-001
2.805963e+003,1.917402e-001
2.807892e+003,2.013997e-001
2.809820e+003,2.124258e-001
2.811749e+003,2.248685e-001
2.813677e+003,2.392094e-001
2.815606e+003,2.552286e-001
2.817534e+003,2.721041e-001
2.819463e+003,2.885703e-001
2.821391e+003,3.053860e-001
2.823320e+003,3.234263e-001
2.825248e+003,3.436455e-001
2.827177e+003,3.665827e-001
2.829105e+003,3.942854e-001
2.831034e+003,4.295018e-001
2.832962e+003,4.755995e-001
2.834891e+003,5.307260e-001
2.836819e+003,5.926092e-001
2.838748e+003,6.603181e-001
2.840676e+003,7.389558e-001
2.842605e+003,8.313463e-001
2.844533e+003,9.423713e-001
2.846462e+003,1.072452e+000
2.848390e+003,1.210508e+000
2.850319e+003,1.337082e+000
2.852247e+003,1.433669e+000
2.854176e+003,1.481960e+000
2.856104e+003,1.493816e+000
2.858033e+003,1.476264e+000
2.859961e+003,1.457182e+000
2.861890e+003,1.454906e+000
2.863818e+003,1.466674e+000
2.865747e+003,1.478664e+000
2.867675e+003,1.477164e+000
2.869604e+003,1.462241e+000
2.871532e+003,1.455063e+000
2.873461e+003,1.445283e+000
2.875389e+003,1.439946e+000
2.877318e+003,1.451084e+000
2.879246e+003,1.468234e+000
2.881175e+003,1.459031e+000
2.883103e+003,1.435598e+000
2.885032e+003,1.416510e+000
2.886960e+003,1.406997e+000
2.888889e+003,1.393588e+000
2.890817e+003,1.392456e+000
2.892746e+003,1.391573e+000
2.894674e+003,1.394147e+000
2.896603e+003,1.386713e+000
2.898531e+003,1.373276e+000
2.900460e+003,1.363899e+000
2.902388e+003,1.362074e+000
2.904317e+003,1.343373e+000
2.906245e+003,1.315518e+000
2.908174e+003,1.279834e+000
2.910102e+003,1.256571e+000
2.912031e+003,1.227821e+000
2.913959e+003,1.189804e+000
2.915888e+003,1.142542e+000
2.917816e+003,1.101593e+000
2.919745e+003,1.060867e+000
2.921673e+003,1.012242e+000
2.923602e+003,9.526039e-001
2.925530e+003,8.954918e-001
2.927458e+003,8.444608e-001
2.929387e+003,8.046257e-001
2.931316e+003,7.679819e-001
2.933244e+003,7.239145e-001
2.935173e+003,6.898798e-001
2.937101e+003,6.764539e-001
2.939030e+003,6.510825e-001
2.940958e+003,6.268143e-001
2.942886e+003,5.940601e-001
2.944815e+003,5.584131e-001
2.946744e+003,5.084463e-001
2.948672e+003,4.473118e-001
2.950601e+003,3.736416e-001
2.952529e+003,3.121385e-001
2.954458e+003,2.443111e-001
2.956386e+003,1.839216e-001
2.958314e+003,1.306243e-001
2.960243e+003,8.864956e-002
2.962172e+003,4.462167e-002
2.964100e+003,1.265747e-002
2.966029e+003,-6.620097e-003
2.967957e+003,-4.061768e-003
2.969885e+003,-4.820460e-003
2.971814e+003,-1.113153e-002
2.973742e+003,-4.290207e-003
2.975671e+003,-1.362453e-003
2.977600e+003,-1.142864e-002
2.979528e+003,-2.137399e-002
2.981457e+003,-2.911010e-002
2.983385e+003,-2.792430e-002
2.985313e+003,-2.403811e-002
2.987242e+003,-1.518733e-002
2.989170e+003,-1.151839e-002
2.991099e+003,-1.047754e-002
2.993028e+003,-2.310837e-002
2.994956e+003,-2.785926e-002
2.996885e+003,-2.016263e-002
2.998813e+003,-9.414343e-003
3.000741e+003,-6.667379e-003
3.002670e+003,-4.556190e-004
3.004598e+003,8.439163e-003
3.006527e+003,1.661307e-002
3.008456e+003,1.325279e-002
3.010384e+003,2.268399e-002
3.012313e+003,3.037909e-002
3.014241e+003,3.136758e-002
3.016169e+003,3.276268e-002
3.018098e+003,3.935098e-002
3.020026e+003,3.056380e-002
3.021955e+003,3.750589e-002
3.023884e+003,3.970489e-002
3.025812e+003,3.045301e-002
3.027740e+003,2.158956e-002
3.029669e+003,2.137765e-002
3.031597e+003,6.045069e-003
3.033526e+003,-8.819321e-003
3.035454e+003,-1.552120e-002
3.037383e+003,-2.514889e-002
3.039312e+003,-2.421633e-002
3.041240e+003,-3.995452e-004
3.043168e+003,7.192594e-003
3.045097e+003,-7.091743e-003
3.047025e+003,-2.440613e-002
3.048954e+003,-8.080697e-003
3.050882e+003,1.946208e-003
3.052811e+003,-2.684391e-003
3.054740e+003,-1.015394e-002
3.056668e+003,-1.486745e-002
3.058596e+003,-1.925606e-002
3.060525e+003,-1.118142e-002
3.062453e+003,-2.821555e-003
3.064382e+003,-2.098865e-003
3.066310e+003,-1.288847e-002
3.068239e+003,-2.033648e-002
3.070167e+003,-1.551970e-002
3.072096e+003,1.574298e-003
3.074024e+003,-1.229915e-003
3.075953e+003,-4.726011e-003
3.077881e+003,-4.696053e-003
3.079810e+003,-7.016926e-003
3.081738e+003,-3.201246e-003
3.083667e+003,6.830000e-003
3.085595e+003,7.961751e-003
3.087524e+003,4.244234e-003
3.089452e+003,1.616644e-002
3.091381e+003,2.171376e-002
3.093309e+003,1.479100e-002
3.095238e+003,1.074483e-002
3.097166e+003,-2.076508e-003
3.099095e+003,-1.513066e-002
3.101023e+003,-7.490682e-003
3.102952e+003,-1.415265e-003
3.104880e+003,-7.584401e-003
3.106809e+003,-8.633954e-003
3.108737e+003,9.354529e-004
3.110666e+003,5.496719e-003
3.112594e+003,-3.108186e-004
3.114523e+003,3.059113e-003
3.116451e+003,1.782154e-003
3.118380e+003,-4.348799e-003
3.120308e+003,-5.498169e-003
3.122237e+003,4.090335e-004
3.124165e+003,-2.693907e-003
3.126094e+003,-1.037303e-004
3.128022e+003,-5.072178e-004
3.129951e+003,-4.222321e-003
3.131879e+003,-5.151097e-003
3.133808e+003,-6.632888e-003
3.135736e+003,-7.701342e-003
3.137665e+003,-5.075289e-003
3.139593e+003,-4.223470e-003
3.141522e+003,-6.573331e-003
3.143450e+003,-6.376914e-003
3.145379e+003,-2.453161e-003
3.147307e+003,-1.391948e-003
3.149236e+003,-1.581322e-003
3.151164e+003,-2.012662e-003
3.153093e+003,-9.122816e-004
3.155021e+003,-1.835569e-004
3.156950e+003,6.132800e-004
3.158878e+003,6.150386e-004
3.160807e+003,3.083886e-004
3.162735e+003,3.067639e-004
3.164664e+003,4.630299e-004
3.166592e+003,3.227792e-004
3.168521e+003,3.759358e-004
3.170449e+003,-2.359080e-005
3.172378e+003,4.055511e-004
3.174306e+003,2.546479e-003
3.176235e+003,4.143566e-003
3.178163e+003,4.653736e-003
3.180092e+003,4.323507e-003
3.182020e+003,2.806689e-003
3.183949e+003,1.214336e-003
3.185877e+003,-2.193913e-004
3.187806e+003,-1.318025e-003
3.189734e+003,-2.532228e-003
3.191663e+003,-3.600356e-003
3.193591e+003,-4.251754e-003
3.195520e+003,-4.442542e-003
3.197448e+003,-4.797652e-003
3.199377e+003,-5.584141e-003
3.201305e+003,-6.372473e-003
3.203234e+003,-7.259294e-003
3.205162e+003,-8.871721e-003
3.207091e+003,-1.071785e-002
3.209019e+003,-1.241590e-002
3.210948e+003,-1.363101e-002
3.212876e+003,-1.488070e-002
3.214805e+003,-1.627780e-002
3.216733e+003,-1.752847e-002
3.218662e+003,-1.899502e-002
3.220590e+003,-2.068360e-002
3.222519e+003,-2.211191e-002
3.224447e+003,-2.335446e-002
3.226376e+003,-2.431309e-002
3.228304e+003,-2.511493e-002
3.230233e+003,-2.607218e-002
3.232161e+003,-2.710942e-002
3.234090e+003,-2.806403e-002
3.236018e+003,-2.899048e-002
3.237947e+003,-2.974596e-002
3.239875e+003,-3.052698e-002
3.241804e+003,-3.134617e-002
3.243732e+003,-3.194423e-002
3.245661e+003,-3.274478e-002
3.247589e+003,-3.362607e-002
3.249518e+003,-3.412009e-002
3.251446e+003,-3.466362e-002
3.253375e+003,-3.524186e-002
3.255303e+003,-3.571557e-002
3.257232e+003,-3.612414e-002
3.259160e+003,-3.644048e-002
3.261089e+003,-3.691861e-002
3.263017e+003,-3.744300e-002
3.264946e+003,-3.772436e-002
3.266874e+003,-3.831379e-002
3.268802e+003,-3.885438e-002
3.270731e+003,-3.919284e-002
3.272660e+003,-3.976193e-002
3.274588e+003,-4.011436e-002
3.276517e+003,-4.005028e-002
3.278445e+003,-3.978706e-002
3.280374e+003,-3.959452e-002
3.282302e+003,-3.945597e-002
3.284230e+003,-3.916389e-002
3.286159e+003,-3.892319e-002
3.288088e+003,-3.859683e-002
3.290016e+003,-3.826844e-002
3.291945e+003,-3.800914e-002
3.293873e+003,-3.757749e-002
3.295802e+003,-3.720688e-002
3.297730e+003,-3.704462e-002
3.299658e+003,-3.687253e-002
3.301587e+003,-3.661788e-002
3.303516e+003,-3.631119e-002
3.305444e+003,-3.609765e-002
3.307373e+003,-3.594568e-002
3.309301e+003,-3.580477e-002
3.311229e+003,-3.562654e-002
3.313158e+003,-3.542736e-002
3.315086e+003,-3.533038e-002
3.317015e+003,-3.529208e-002
3.318944e+003,-3.531273e-002
3.320872e+003,-3.556705e-002
3.322801e+003,-3.594958e-002
3.324729e+003,-3.658000e-002
3.326657e+003,-3.723704e-002
3.328586e+003,-3.777323e-002
3.330514e+003,-3.831641e-002
3.332443e+003,-3.884360e-002
3.334372e+003,-3.929473e-002
3.336300e+003,-3.977932e-002
3.338229e+003,-4.005572e-002
3.340157e+003,-4.010732e-002
3.342085e+003,-4.032029e-002
3.344014e+003,-4.042596e-002
3.345942e+003,-4.057634e-002
3.347871e+003,-4.062692e-002
3.349800e+003,-4.059801e-002
3.351728e+003,-4.048332e-002
3.353656e+003,-4.028034e-002
3.355585e+003,-4.006578e-002
3.357513e+003,-3.997259e-002
3.359442e+003,-3.984888e-002
3.361370e+003,-3.950661e-002
3.363299e+003,-3.930986e-002
3.365228e+003,-3.917028e-002
3.367156e+003,-3.890646e-002
3.369084e+003,-3.858452e-002
3.371013e+003,-3.818469e-002
3.372941e+003,-3.759803e-002
3.374870e+003,-3.703796e-002
3.376798e+003,-3.651502e-002
3.378727e+003,-3.589620e-002
3.380656e+003,-3.494981e-002
3.382584e+003,-3.386109e-002
3.384512e+003,-3.276505e-002
3.386441e+003,-3.140905e-002
3.388369e+003,-2.971153e-002
3.390298e+003,-2.787079e-002
3.392226e+003,-2.578398e-002
3.394155e+003,-2.338325e-002
3.396083e+003,-2.072075e-002
3.398012e+003,-1.798334e-002
3.399940e+003,-1.487196e-002
3.401869e+003,-1.127370e-002
3.403797e+003,-7.544350e-003
3.405726e+003,-3.681547e-003
3.407654e+003,3.310026e-004
3.409583e+003,4.236472e-003
3.411511e+003,8.088794e-003
3.413440e+003,1.171793e-002
3.415368e+003,1.501863e-002
3.417297e+003,1.780443e-002
3.419225e+003,2.024088e-002
3.421154e+003,2.191242e-002
3.423082e+003,2.276080e-002
3.425011e+003,2.292683e-002
3.426939e+003,2.247727e-002
3.428868e+003,2.145674e-002
3.430796e+003,1.992180e-002
3.432725e+003,1.788767e-002
3.434653e+003,1.564419e-002
3.436582e+003,1.305413e-002
3.438510e+003,1.024713e-002
3.440439e+003,7.339496e-003
3.442367e+003,4.476036e-003
3.444296e+003,1.581248e-003
3.446224e+003,-1.259287e-003
3.448153e+003,-4.474256e-003
3.450081e+003,-7.438506e-003
3.452010e+003,-1.015608e-002
3.453938e+003,-1.278472e-002
3.455867e+003,-1.530490e-002
3.457795e+003,-1.762288e-002
3.459724e+003,-1.980022e-002
3.461652e+003,-2.183670e-002
3.463581e+003,-2.377372e-002
3.465509e+003,-2.556127e-002
3.467438e+003,-2.731585e-002
3.469366e+003,-2.873759e-002
3.471295e+003,-2.986442e-002
3.473223e+003,-3.091793e-002
3.475152e+003,-3.189269e-002
3.477080e+003,-3.271641e-002
3.479009e+003,-3.347146e-002
3.480937e+003,-3.407435e-002
3.482866e+003,-3.465808e-002
3.484794e+003,-3.517302e-002
3.486723e+003,-3.550510e-002
3.488651e+003,-3.576150e-002
3.490580e+003,-3.605209e-002
3.492508e+003,-3.619688e-002
3.494437e+003,-3.614771e-002
3.496365e+003,-3.603547e-002
3.498294e+003,-3.619527e-002
3.500222e+003,-3.609271e-002
3.502151e+003,-3.562740e-002
3.504079e+003,-3.553582e-002
3.506008e+003,-3.553649e-002
3.507936e+003,-3.511037e-002
3.509865e+003,-3.495167e-002
3.511793e+003,-3.498301e-002
3.513722e+003,-3.491618e-002
3.515650e+003,-3.476107e-002
3.517579e+003,-3.449965e-002
3.519507e+003,-3.426761e-002
3.521436e+003,-3.380144e-002
3.523364e+003,-3.351812e-002
3.525293e+003,-3.342609e-002
3.527221e+003,-3.307445e-002
3.529150e+003,-3.292173e-002
3.531078e+003,-3.288161e-002
3.533007e+003,-3.270719e-002
3.534935e+003,-3.201718e-002
3.536864e+003,-3.138396e-002
3.538792e+003,-3.095400e-002
3.540721e+003,-3.062262e-002
3.542649e+003,-3.010507e-002
3.544578e+003,-2.948781e-002
3.546506e+003,-2.928523e-002
3.548435e+003,-2.992950e-002
3.550363e+003,-3.002091e-002
3.552292e+003,-3.003235e-002
3.554220e+003,-3.053769e-002
3.556149e+003,-3.103643e-002
3.558077e+003,-3.126730e-002
3.560006e+003,-3.136870e-002
3.561934e+003,-3.163729e-002
3.563863e+003,-3.141081e-002
3.565791e+003,-3.092580e-002
3.567720e+003,-3.226171e-002
3.569648e+003,-3.453964e-002
3.571577e+003,-3.575515e-002
3.573505e+003,-3.677217e-002
3.575434e+003,-3.788745e-002
3.577362e+003,-3.917180e-002
3.579291e+003,-4.061330e-002
3.581219e+003,-4.219953e-002
3.583148e+003,-4.368151e-002
3.585076e+003,-4.429200e-002
3.587005e+003,-4.543216e-002
3.588933e+003,-4.901097e-002
3.590862e+003,-5.204934e-002
3.592790e+003,-5.398098e-002
3.594719e+003,-5.649455e-002
3.596647e+003,-5.892620e-002
3.598576e+003,-6.028543e-002
3.600504e+003,-6.028148e-002
3.602433e+003,-5.945943e-002
3.604361e+003,-5.758415e-002
3.606290e+003,-5.436542e-002
3.608218e+003,-5.154921e-002
3.610146e+003,-4.992256e-002
3.612075e+003,-4.778100e-002
3.614004e+003,-4.623893e-002
3.615932e+003,-4.511502e-002
3.617861e+003,-4.319955e-002
3.619789e+003,-4.286528e-002
3.621718e+003,-4.349860e-002
3.623646e+003,-4.320380e-002
3.625574e+003,-4.208909e-002
3.627503e+003,-3.999915e-002
3.629432e+003,-4.054175e-002
3.631360e+003,-4.266347e-002
3.633289e+003,-4.274312e-002
3.635217e+003,-4.279392e-002
3.637146e+003,-4.270510e-002
3.639074e+003,-4.252355e-002
3.641002e+003,-4.202304e-002
3.642931e+003,-4.139829e-002
3.644860e+003,-4.003312e-002
3.646788e+003,-3.729698e-002
3.648717e+003,-3.538915e-002
3.650645e+003,-3.591765e-002
3.652573e+003,-3.729869e-002
3.654502e+003,-3.627970e-002
3.656430e+003,-3.535919e-002
3.658359e+003,-3.580160e-002
3.660288e+003,-3.562801e-002
3.662216e+003,-3.539355e-002
3.664145e+003,-3.569870e-002
3.666073e+003,-3.620225e-002
3.668001e+003,-3.599701e-002
3.669930e+003,-3.772159e-002
3.671858e+003,-4.316259e-002
3.673787e+003,-4.518520e-002
3.675716e+003,-5.004042e-002
3.677644e+003,-5.824277e-002
3.679573e+003,-6.400018e-002
3.681501e+003,-6.990308e-002
3.683429e+003,-7.320157e-002
3.685358e+003,-7.231582e-002
3.687286e+003,-6.660934e-002
3.689215e+003,-6.015018e-002
3.691144e+003,-6.220421e-002
3.693072e+003,-6.438209e-002
3.695000e+003,-6.697171e-002
3.696929e+003,-6.702007e-002
3.698857e+003,-6.555192e-002
3.700786e+003,-6.241803e-002
3.702714e+003,-6.133686e-002
3.704643e+003,-5.945420e-002
3.706572e+003,-5.648324e-002
3.708500e+003,-5.293410e-002
3.710428e+003,-4.976572e-002
3.712357e+003,-4.944815e-002
3.714285e+003,-5.054384e-002
3.716214e+003,-5.032713e-002
3.718142e+003,-4.999491e-002
3.720071e+003,-4.952245e-002
3.722000e+003,-4.852562e-002
3.723928e+003,-4.868222e-002
3.725856e+003,-4.865835e-002
3.727785e+003,-4.896063e-002
3.729713e+003,-4.779498e-002
3.731642e+003,-4.528990e-002
3.733570e+003,-4.363815e-002
3.735499e+003,-4.261509e-002
3.737427e+003,-4.388802e-002
3.739356e+003,-4.425158e-002
3.741284e+003,-4.299261e-002
3.743213e+003,-3.878784e-002
3.745141e+003,-3.779851e-002
3.747070e+003,-3.898131e-002
3.748998e+003,-3.795298e-002
3.750927e+003,-3.889420e-002
3.752855e+003,-4.194281e-002
3.754784e+003,-4.570612e-002
3.756712e+003,-4.589099e-002
3.758641e+003,-4.555336e-002
3.760569e+003,-4.616442e-002
3.762498e+003,-4.509985e-002
3.764426e+003,-4.174713e-002
3.766355e+003,-3.906515e-002
3.768283e+003,-3.662705e-002
3.770212e+003,-3.552486e-002
3.772140e+003,-3.568359e-002
3.774069e+003,-3.563268e-002
3.775997e+003,-3.578332e-002
3.777926e+003,-3.503552e-002
3.779854e+003,-3.527989e-002
3.781783e+003,-3.605489e-002
3.783711e+003,-3.539721e-002
3.785640e+003,-3.557324e-002
3.787568e+003,-3.608578e-002
3.789497e+003,-3.647463e-002
3.791425e+003,-3.646778e-002
3.793354e+003,-3.561733e-002
3.795282e+003,-3.412872e-002
3.797211e+003,-3.381447e-002
3.799139e+003,-3.313370e-002
3.801068e+003,-3.206836e-002
3.802996e+003,-3.321530e-002
3.804925e+003,-3.274588e-002
3.806853e+003,-3.224485e-002
3.808782e+003,-3.312756e-002
3.810710e+003,-3.329307e-002
3.812639e+003,-3.277301e-002
3.814567e+003,-3.104442e-002
3.816496e+003,-3.101194e-002
3.818424e+003,-3.120832e-002
3.820353e+003,-2.995659e-002
3.822281e+003,-3.225488e-002
3.824210e+003,-3.360887e-002
3.826138e+003,-3.366977e-002
3.828067e+003,-3.419745e-002
3.829995e+003,-3.320238e-002
3.831924e+003,-3.183970e-002
3.833852e+003,-3.076222e-002
3.835781e+003,-2.895006e-002
3.837709e+003,-2.763440e-002
3.839638e+003,-2.794918e-002
3.841566e+003,-2.856500e-002
3.843495e+003,-2.890642e-002
3.845423e+003,-2.925333e-002
3.847352e+003,-2.885706e-002
3.849280e+003,-2.768219e-002
3.851209e+003,-2.527526e-002
3.853137e+003,-2.371662e-002
3.855066e+003,-2.664136e-002
3.856994e+003,-2.781896e-002
3.858923e+003,-2.798078e-002
3.860851e+003,-2.729597e-002
3.862780e+003,-2.635841e-002
3.864708e+003,-2.638469e-002
3.866637e+003,-2.736588e-002
3.868565e+003,-2.608868e-002
3.870494e+003,-2.614987e-002
3.872422e+003,-2.669546e-002
3.874351e+003,-2.721273e-002
3.876279e+003,-2.850006e-002
3.878208e+003,-2.780944e-002
3.880136e+003,-2.694188e-002
3.882065e+003,-2.718674e-002
3.883993e+003,-2.639938e-002
3.885922e+003,-2.627012e-002
3.887850e+003,-2.687025e-002
3.889779e+003,-2.590636e-002
3.891707e+003,-2.568599e-002
3.893636e+003,-2.616035e-002
3.895564e+003,-2.582529e-002
3.897493e+003,-2.437089e-002
3.899421e+003,-2.305974e-002
3.901350e+003,-2.249021e-002
3.903278e+003,-2.190015e-002
3.905207e+003,-2.296135e-002
3.907135e+003,-2.409294e-002
3.909064e+003,-2.406153e-002
3.910992e+003,-2.387057e-002
3.912921e+003,-2.348145e-002
3.914849e+003,-2.259676e-002
3.916778e+003,-2.215555e-002
3.918706e+003,-2.253897e-002
3.920635e+003,-2.281352e-002
3.922563e+003,-2.293240e-002
3.924492e+003,-2.304289e-002
3.926420e+003,-2.345718e-002
3.928349e+003,-2.305493e-002
3.930277e+003,-2.271844e-002
3.932206e+003,-2.241252e-002
3.934134e+003,-2.157153e-002
3.936063e+003,-1.971413e-002
3.937991e+003,-1.788074e-002
3.939920e+003,-9.439989e-003
3.941848e+003,3.381136e-003
3.943777e+003,3.713658e-003
3.945705e+003,-1.130386e-002
3.947634e+003,-2.827227e-002
3.949562e+003,-3.409460e-002
3.951490e+003,-3.335530e-002
3.953419e+003,-3.104467e-002
3.955348e+003,-2.783117e-002
3.957276e+003,-2.534678e-002
3.959205e+003,-2.380000e-002
3.961133e+003,-2.326559e-002
3.963062e+003,-2.314485e-002
3.964990e+003,-2.302979e-002
3.966918e+003,-2.259946e-002
3.968847e+003,-2.220539e-002
3.970776e+003,-2.184470e-002
3.972704e+003,-2.215404e-002
3.974633e+003,-2.190037e-002
3.976561e+003,-2.153388e-002
3.978490e+003,-2.128831e-002
3.980418e+003,-2.077057e-002
3.982346e+003,-2.009216e-002
3.984275e+003,-1.949059e-002
3.986204e+003,-1.896623e-002
3.988132e+003,-1.813928e-002
3.990061e+003,-1.755597e-002
3.991989e+003,-1.732543e-002
3.993917e+003,-1.673854e-002
3.995846e+003,-1.599609e-002
3.997774e+003,-1.534811e-002
3.999703e+003,-1.470268e-002
4.001632e+003,0.000000e+000
