3.991989e+002,6.304109e-001
4.011274e+002,6.532013e-001
4.030559e+002,6.679546e-001
4.049844e+002,6.767645e-001
4.069129e+002,6.959442e-001
4.088414e+002,7.159287e-001
4.107699e+002,7.296729e-001
4.126984e+002,7.388049e-001
4.146269e+002,7.504272e-001
4.165554e+002,7.383111e-001
4.184839e+002,7.198820e-001
4.204124e+002,7.612882e-001
4.223409e+002,8.035375e-001
4.242694e+002,8.232634e-001
4.261979e+002,8.419078e-001
4.281264e+002,8.603759e-001
4.300549e+002,8.895599e-001
4.319834e+002,9.065272e-001
4.339119e+002,9.232152e-001
4.358404e+002,9.300399e-001
4.377689e+002,9.553187e-001
4.396974e+002,9.633628e-001
4.416259e+002,9.582121e-001
4.435544e+002,9.752337e-001
4.454829e+002,1.006501e+000
4.474114e+002,1.018051e+000
4.493399e+002,1.043839e+000
4.512684e+002,1.054504e+000
4.531969e+002,1.069926e+000
4.551254e+002,1.075900e+000
4.570539e+002,1.060822e+000
4.589824e+002,1.087159e+000
4.609109e+002,1.123666e+000
4.628394e+002,1.141652e+000
4.647679e+002,1.174573e+000
4.666964e+002,1.186050e+000
4.686248e+002,1.197101e+000
4.705533e+002,1.193771e+000
4.724818e+002,1.200203e+000
4.744103e+002,1.242091e+000
4.763388e+002,1.263327e+000
4.782673e+002,1.271770e+000
4.801958e+002,1.284181e+000
4.821243e+002,1.283493e+000
4.840528e+002,1.279912e+000
4.859813e+002,1.286650e+000
4.879098e+002,1.298378e+000
4.898383e+002,1.291400e+000
4.917668e+002,1.286067e+000
4.936953e+002,1.286269e+000
4.956238e+002,1.282941e+000
4.975523e+002,1.272104e+000
4.994808e+002,1.259327e+000
5.014093e+002,1.233998e+000
5.033378e+002,1.225339e+000
5.052663e+002,1.214344e+000
5.071948e+002,1.199768e+000
5.091233e+002,1.185846e+000
5.110518e+002,1.171134e+000
5.129803e+002,1.153372e+000
5.149088e+002,1.131394e+000
5.168373e+002,1.104429e+000
5.187657e+002,1.091094e+000
5.206943e+002,1.080363e+000
5.226227e+002,1.063836e+000
5.245513e+002,1.039935e+000
5.264797e+002,1.023367e+000
5.284083e+002,1.011043e+000
5.303367e+002,9.931783e-001
5.322653e+002,9.729441e-001
5.341937e+002,9.548391e-001
5.361223e+002,9.363179e-001
5.380507e+002,9.209173e-001
5.399792e+002,9.063874e-001
5.419077e+002,8.909481e-001
5.438362e+002,8.747680e-001
5.457647e+002,8.627802e-001
5.476932e+002,8.516340e-001
5.496217e+002,8.405551e-001
5.515502e+002,8.324842e-001
5.534787e+002,8.273373e-001
5.554072e+002,8.234129e-001
5.573357e+002,8.229926e-001
5.592642e+002,8.213855e-001
5.611927e+002,8.188229e-001
5.631212e+002,8.124305e-001
5.650497e+002,8.058515e-001
5.669782e+002,7.979322e-001
5.689067e+002,7.923675e-001
5.708352e+002,7.898906e-001
5.727637e+002,7.893500e-001
5.746922e+002,7.862623e-001
5.766207e+002,7.875654e-001
5.785492e+002,7.882435e-001
5.804777e+002,7.898242e-001
5.824062e+002,7.942656e-001
5.843347e+002,7.988122e-001
5.862632e+002,8.048878e-001
5.881917e+002,8.131151e-001
5.901202e+002,8.201511e-001
5.920486e+002,8.325260e-001
5.939772e+002,8.480946e-001
5.959056e+002,8.638163e-001
5.978342e+002,8.797277e-001
5.997626e+002,8.983383e-001
6.016912e+002,9.193995e-001
6.036196e+002,9.415654e-001
6.055482e+002,9.643745e-001
6.074766e+002,9.907396e-001
6.094052e+002,1.017668e+000
6.113336e+002,1.046257e+000
6.132621e+002,1.076161e+000
6.151906e+002,1.107747e+000
6.171191e+002,1.137937e+000
6.190476e+002,1.173365e+000
6.209761e+002,1.209992e+000
6.229046e+002,1.248239e+000
6.248331e+002,1.281585e+000
6.267616e+002,1.319191e+000
6.286901e+002,1.355206e+000
6.306186e+002,1.392148e+000
6.325471e+002,1.421493e+000
6.344756e+002,1.452427e+000
6.364041e+002,1.478494e+000
6.383326e+002,1.507377e+000
6.402611e+002,1.532327e+000
6.421896e+002,1.556516e+000
6.441181e+002,1.569306e+000
6.460466e+002,1.585523e+000
6.479750e+002,1.590632e+000
6.499036e+002,1.602525e+000
6.518320e+002,1.612948e+000
6.537606e+002,1.621194e+000
6.556890e+002,1.619069e+000
6.576176e+002,1.624032e+000
6.595460e+002,1.622916e+000
6.614745e+002,1.629333e+000
6.634030e+002,1.636231e+000
6.653315e+002,1.606917e+000
6.672600e+002,1.501038e+000
6.691885e+002,1.538477e+000
6.711170e+002,1.610950e+000
6.730455e+002,1.618255e+000
6.749740e+002,1.608982e+000
6.769025e+002,1.606428e+000
6.788310e+002,1.608403e+000
6.807595e+002,1.613545e+000
6.826880e+002,1.617435e+000
6.846165e+002,1.623044e+000
6.865450e+002,1.622860e+000
6.884735e+002,1.628320e+000
6.904020e+002,1.632455e+000
6.923305e+002,1.635998e+000
6.942590e+002,1.638733e+000
6.961875e+002,1.645382e+000
6.981160e+002,1.646867e+000
7.000445e+002,1.651301e+000
7.019730e+002,1.650577e+000
7.039015e+002,1.656200e+000
7.058300e+002,1.657550e+000
7.077585e+002,1.658047e+000
7.096870e+002,1.660063e+000
7.116155e+002,1.666274e+000
7.135439e+002,1.659271e+000
7.154725e+002,1.661679e+000
7.174009e+002,1.662514e+000
7.193295e+002,1.660246e+000
7.212579e+002,1.654213e+000
7.231865e+002,1.658776e+000
7.251149e+002,1.661120e+000
7.270435e+002,1.664066e+000
7.289719e+002,1.657867e+000
7.309005e+002,1.657253e+000
7.328289e+002,1.657195e+000
7.347574e+002,1.658792e+000
7.366859e+002,1.653836e+000
7.386144e+002,1.657396e+000
7.405429e+002,1.653728e+000
7.424714e+002,1.655607e+000
7.443999e+002,1.652701e+000
7.463284e+002,1.653093e+000
7.482569e+002,1.652059e+000
7.501854e+002,1.659805e+000
7.521139e+002,1.665723e+000
7.540424e+002,1.672164e+000
7.559709e+002,1.672968e+000
7.578994e+002,1.679812e+000
7.598279e+002,1.685215e+000
7.617564e+002,1.690979e+000
7.636849e+002,1.689235e+000
7.656134e+002,1.696281e+000
7.675419e+002,1.703532e+000
7.694704e+002,1.713941e+000
7.713989e+002,1.720830e+000
7.733274e+002,1.737703e+000
7.752559e+002,1.744931e+000
7.771844e+002,1.750458e+000
7.791129e+002,1.748777e+000
7.810414e+002,1.752980e+000
7.829698e+002,1.752202e+000
7.848984e+002,1.763056e+000
7.868268e+002,1.768466e+000
7.887554e+002,1.772355e+000
7.906838e+002,1.769915e+000
7.926124e+002,1.779267e+000
7.945408e+002,1.779867e+000
7.964694e+002,1.783903e+000
7.983978e+002,1.780486e+000
8.003264e+002,1.784234e+000
8.022548e+002,1.775717e+000
8.041833e+002,1.766922e+000
8.061118e+002,1.748528e+000
8.080403e+002,1.734864e+000
8.099688e+002,1.701361e+000
8.118973e+002,1.658773e+000
8.138258e+002,1.603083e+000
8.157543e+002,1.539686e+000
8.176828e+002,1.465777e+000
8.196113e+002,1.391403e+000
8.215398e+002,1.314060e+000
8.234683e+002,1.242615e+000
8.253968e+002,1.174520e+000
8.273253e+002,1.113092e+000
8.292538e+002,1.056374e+000
8.311823e+002,1.004852e+000
8.331108e+002,9.570400e-001
8.350393e+002,9.149531e-001
8.369678e+002,8.773577e-001
8.388963e+002,8.446430e-001
8.408248e+002,8.153005e-001
8.427533e+002,7.898594e-001
8.446818e+002,7.683376e-001
8.466103e+002,7.512711e-001
8.485388e+002,7.374560e-001
8.504673e+002,7.276322e-001
8.523958e+002,7.214735e-001
8.543243e+002,7.193288e-001
8.562527e+002,7.206352e-001
8.581813e+002,7.260391e-001
8.601097e+002,7.360665e-001
8.620383e+002,7.514880e-001
8.639667e+002,7.721070e-001
8.658953e+002,7.994889e-001
8.678237e+002,8.348187e-001
8.697523e+002,8.808239e-001
8.716807e+002,9.389840e-001
8.736093e+002,1.013150e+000
8.755377e+002,1.105808e+000
8.774662e+002,1.224161e+000
8.793947e+002,1.371611e+000
8.813232e+002,1.555741e+000
8.832517e+002,1.749744e+000
8.851802e+002,1.911098e+000
8.871087e+002,1.985687e+000
8.890372e+002,2.009274e+000
8.909657e+002,2.015249e+000
8.928942e+002,2.042804e+000
8.948227e+002,2.035914e+000
8.967512e+002,2.037414e+000
8.986797e+002,2.043533e+000
9.006082e+002,2.055470e+000
9.025367e+002,2.047960e+000
9.044651e+002,2.049488e+000
9.063937e+002,2.018418e+000
9.083221e+002,1.947410e+000
9.102507e+002,1.837505e+000
9.121791e+002,1.718936e+000
9.141077e+002,1.594332e+000
9.160361e+002,1.483311e+000
9.179647e+002,1.387400e+000
9.198931e+002,1.307032e+000
9.218217e+002,1.233813e+000
9.237501e+002,1.170672e+000
9.256786e+002,1.113464e+000
9.276071e+002,1.063104e+000
9.295356e+002,1.017991e+000
9.314641e+002,9.796819e-001
9.333926e+002,9.454525e-001
9.353211e+002,9.151965e-001
9.372496e+002,8.870743e-001
9.391781e+002,8.613651e-001
9.411066e+002,8.377393e-001
9.430351e+002,8.167946e-001
9.449636e+002,7.967671e-001
9.468921e+002,7.780734e-001
9.488206e+002,7.602972e-001
9.507491e+002,7.449896e-001
9.526776e+002,7.319704e-001
9.546061e+002,7.199764e-001
9.565346e+002,7.072361e-001
9.584631e+002,6.953276e-001
9.603916e+002,6.862661e-001
9.623201e+002,6.792898e-001
9.642486e+002,6.708508e-001
9.661771e+002,6.634815e-001
9.681056e+002,6.625031e-001
9.700341e+002,6.710210e-001
9.719626e+002,6.890950e-001
9.738911e+002,7.172033e-001
9.758196e+002,7.542939e-001
9.777480e+002,7.986848e-001
9.796766e+002,8.436813e-001
9.816050e+002,8.832939e-001
9.835336e+002,9.122148e-001
9.854620e+002,9.257686e-001
9.873906e+002,9.230934e-001
9.893190e+002,9.045612e-001
9.912476e+002,8.592184e-001
9.931760e+002,7.872868e-001
9.951046e+002,7.043714e-001
9.970330e+002,6.293887e-001
9.989615e+002,5.703233e-001
1.000890e+003,5.273104e-001
1.002819e+003,4.977162e-001
1.004747e+003,4.787462e-001
1.006676e+003,4.681526e-001
1.008604e+003,4.645488e-001
1.010533e+003,4.676261e-001
1.012461e+003,4.763808e-001
1.014390e+003,4.890697e-001
1.016318e+003,5.027092e-001
1.018247e+003,5.134389e-001
1.020175e+003,5.184329e-001
1.022104e+003,5.159053e-001
1.024032e+003,5.048066e-001
1.025960e+003,4.865797e-001
1.027889e+003,4.647824e-001
1.029818e+003,4.429480e-001
1.031746e+003,4.239706e-001
1.033674e+003,4.102599e-001
1.035603e+003,4.036852e-001
1.037531e+003,4.042511e-001
1.039460e+003,4.032390e-001
1.041388e+003,3.900194e-001
1.043317e+003,3.678470e-001
1.045245e+003,3.490365e-001
1.047174e+003,3.379036e-001
1.049102e+003,3.324846e-001
1.051031e+003,3.303381e-001
1.052959e+003,3.308259e-001
1.054888e+003,3.333554e-001
1.056816e+003,3.387171e-001
1.058745e+003,3.471688e-001
1.060673e+003,3.590211e-001
1.062602e+003,3.755613e-001
1.064530e+003,3.997397e-001
1.066459e+003,4.346369e-001
1.068387e+003,4.824557e-001
1.070316e+003,5.401956e-001
1.072244e+003,5.935770e-001
1.074173e+003,6.228468e-001
1.076101e+003,6.173549e-001
1.078030e+003,5.833510e-001
1.079958e+003,5.373856e-001
1.081887e+003,4.963067e-001
1.083815e+003,4.680791e-001
1.085744e+003,4.520382e-001
1.087672e+003,4.447267e-001
1.089601e+003,4.431367e-001
1.091529e+003,4.459930e-001
1.093458e+003,4.526975e-001
1.095386e+003,4.625034e-001
1.097315e+003,4.747589e-001
1.099243e+003,4.891424e-001
1.101172e+003,5.058005e-001
1.103100e+003,5.250564e-001
1.105029e+003,5.470972e-001
1.106957e+003,5.718282e-001
1.108886e+003,6.003375e-001
1.110814e+003,6.334258e-001
1.112743e+003,6.726763e-001
1.114671e+003,7.192933e-001
1.116600e+003,7.737038e-001
1.118528e+003,8.332129e-001
1.120457e+003,8.948721e-001
1.122385e+003,9.517248e-001
1.124314e+003,1.001633e+000
1.126242e+003,1.045743e+000
1.128171e+003,1.088364e+000
1.130099e+003,1.126445e+000
1.132028e+003,1.163397e+000
1.133956e+003,1.200939e+000
1.135885e+003,1.246468e+000
1.137813e+003,1.297689e+000
1.139742e+003,1.353331e+000
1.141670e+003,1.403937e+000
1.143599e+003,1.456118e+000
1.145527e+003,1.507319e+000
1.147456e+003,1.568714e+000
1.149384e+003,1.629918e+000
1.151313e+003,1.689972e+000
1.153241e+003,1.728767e+000
1.155170e+003,1.755864e+000
1.157098e+003,1.753133e+000
1.159027e+003,1.734040e+000
1.160955e+003,1.692831e+000
1.162884e+003,1.646376e+000
1.164812e+003,1.588295e+000
1.166741e+003,1.533802e+000
1.168669e+003,1.478182e+000
1.170598e+003,1.432141e+000
1.172526e+003,1.389480e+000
1.174455e+003,1.356792e+000
1.176383e+003,1.328886e+000
1.178312e+003,1.309144e+000
1.180240e+003,1.291792e+000
1.182169e+003,1.282518e+000
1.184097e+003,1.273801e+000
1.186026e+003,1.271732e+000
1.187954e+003,1.272743e+000
1.189883e+003,1.282446e+000
1.191811e+003,1.295243e+000
1.193740e+003,1.312945e+000
1.195668e+003,1.333198e+000
1.197597e+003,1.361854e+000
1.199525e+003,1.390925e+000
1.201454e+003,1.426811e+000
1.203382e+003,1.463226e+000
1.205311e+003,1.505975e+000
1.207239e+003,1.545481e+000
1.209168e+003,1.593476e+000
1.211096e+003,1.641706e+000
1.213025e+003,1.698274e+000
1.214953e+003,1.747269e+000
1.216882e+003,1.802624e+000
1.218810e+003,1.850622e+000
1.220739e+003,1.899496e+000
1.222667e+003,1.916064e+000
1.224596e+003,1.942013e+000
1.226524e+003,1.953587e+000
1.228453e+003,1.973675e+000
1.230381e+003,1.974720e+000
1.232310e+003,1.985943e+000
1.234238e+003,1.977214e+000
1.236167e+003,1.977383e+000
1.238095e+003,1.965298e+000
1.240024e+003,1.971923e+000
1.241952e+003,1.961034e+000
1.243881e+003,1.963226e+000
1.245809e+003,1.954848e+000
1.247738e+003,1.960933e+000
1.249666e+003,1.950013e+000
1.251595e+003,1.953428e+000
1.253523e+003,1.946542e+000
1.255452e+003,1.952954e+000
1.257380e+003,1.938828e+000
1.259309e+003,1.946849e+000
1.261237e+003,1.938930e+000
1.263166e+003,1.938104e+000
1.265094e+003,1.936903e+000
1.267023e+003,1.956210e+000
1.268951e+003,1.951470e+000
1.270880e+003,1.961779e+000
1.272808e+003,1.958534e+000
1.274737e+003,1.969456e+000
1.276665e+003,1.962708e+000
1.278594e+003,1.973472e+000
1.280522e+003,1.967319e+000
1.282451e+003,1.980270e+000
1.284379e+003,1.970332e+000
1.286308e+003,1.976179e+000
1.288236e+003,1.974244e+000
1.290165e+003,1.986494e+000
1.292093e+003,1.979116e+000
1.294022e+003,1.988896e+000
1.295950e+003,1.987679e+000
1.297879e+003,1.996861e+000
1.299807e+003,1.986424e+000
1.301736e+003,1.995312e+000
1.303664e+003,1.979408e+000
1.305593e+003,1.974704e+000
1.307521e+003,1.949964e+000
1.309450e+003,1.931412e+000
1.311378e+003,1.884751e+000
1.313307e+003,1.849902e+000
1.315235e+003,1.797228e+000
1.317164e+003,1.741218e+000
1.319092e+003,1.670871e+000
1.321021e+003,1.611614e+000
1.322949e+003,1.545690e+000
1.324878e+003,1.482906e+000
1.326806e+003,1.416014e+000
1.328734e+003,1.357118e+000
1.330663e+003,1.298871e+000
1.332592e+003,1.246013e+000
1.334520e+003,1.195788e+000
1.336448e+003,1.152393e+000
1.338377e+003,1.109640e+000
1.340306e+003,1.074561e+000
1.342234e+003,1.043778e+000
1.344162e+003,1.014025e+000
1.346091e+003,9.856256e-001
1.348020e+003,9.637064e-001
1.349948e+003,9.463922e-001
1.351876e+003,9.358083e-001
1.353805e+003,9.297570e-001
1.355734e+003,9.292012e-001
1.357662e+003,9.296353e-001
1.359590e+003,9.295612e-001
1.361519e+003,9.309195e-001
1.363448e+003,9.440094e-001
1.365376e+003,9.609335e-001
1.367304e+003,9.792650e-001
1.369233e+003,1.004558e+000
1.371161e+003,1.036364e+000
1.373090e+003,1.071680e+000
1.375018e+003,1.125317e+000
1.376947e+003,1.182972e+000
1.378875e+003,1.241958e+000
1.380804e+003,1.294143e+000
1.382732e+003,1.343829e+000
1.384661e+003,1.383268e+000
1.386589e+003,1.427515e+000
1.388518e+003,1.488535e+000
1.390446e+003,1.559541e+000
1.392375e+003,1.603494e+000
1.394303e+003,1.653316e+000
1.396232e+003,1.714993e+000
1.398160e+003,1.779245e+000
1.400089e+003,1.844694e+000
1.402017e+003,1.926633e+000
1.403946e+003,1.941308e+000
1.405874e+003,1.991514e+000
1.407803e+003,2.015137e+000
1.409731e+003,2.036822e+000
1.411660e+003,2.022224e+000
1.413588e+003,2.042052e+000
1.415517e+003,2.011644e+000
1.417445e+003,1.962400e+000
1.419374e+003,1.914812e+000
1.421302e+003,2.002647e+000
1.423231e+003,2.011344e+000
1.425159e+003,2.039383e+000
1.427088e+003,2.031932e+000
1.429016e+003,2.024790e+000
1.430945e+003,2.016421e+000
1.432873e+003,2.051811e+000
1.434802e+003,1.980511e+000
1.436730e+003,1.942951e+000
1.438659e+003,2.003519e+000
1.440587e+003,2.070159e+000
1.442516e+003,2.062106e+000
1.444444e+003,2.083582e+000
1.446373e+003,2.037252e+000
1.448301e+003,2.046234e+000
1.450230e+003,2.055893e+000
1.452158e+003,2.067833e+000
1.454087e+003,1.994817e+000
1.456015e+003,1.879782e+000
1.457944e+003,1.838181e+000
1.459872e+003,1.940041e+000
1.461801e+003,1.920382e+000
1.463729e+003,1.856487e+000
1.465658e+003,1.770689e+000
1.467586e+003,1.724796e+000
1.469515e+003,1.626282e+000
1.471443e+003,1.513406e+000
1.473372e+003,1.403594e+000
1.475300e+003,1.350586e+000
1.477229e+003,1.282507e+000
1.479157e+003,1.227286e+000
1.481086e+003,1.162510e+000
1.483014e+003,1.109690e+000
1.484943e+003,1.057429e+000
1.486871e+003,1.010617e+000
1.488800e+003,9.588804e-001
1.490728e+003,9.109113e-001
1.492657e+003,8.657416e-001
1.494585e+003,8.250017e-001
1.496514e+003,7.767231e-001
1.498442e+003,7.403511e-001
1.500371e+003,7.086692e-001
1.502299e+003,6.801676e-001
1.504228e+003,6.485963e-001
1.506156e+003,6.130173e-001
1.508085e+003,5.832175e-001
1.510013e+003,5.673609e-001
1.511942e+003,5.468300e-001
1.513870e+003,5.269632e-001
1.515799e+003,5.059316e-001
1.517727e+003,4.884636e-001
1.519656e+003,4.732074e-001
1.521584e+003,4.590916e-001
1.523513e+003,4.479325e-001
1.525441e+003,4.389210e-001
1.527370e+003,4.310288e-001
1.529298e+003,4.255687e-001
1.531227e+003,4.199678e-001
1.533155e+003,4.198769e-001
1.535084e+003,4.277455e-001
1.537012e+003,4.337706e-001
1.538941e+003,4.533266e-001
1.540869e+003,5.116742e-001
1.542798e+003,5.868427e-001
1.544726e+003,7.006683e-001
1.546655e+003,8.430077e-001
1.548583e+003,9.720723e-001
1.550512e+003,1.045705e+000
1.552440e+003,1.003440e+000
1.554369e+003,7.972863e-001
1.556297e+003,6.339197e-001
1.558226e+003,4.861110e-001
1.560154e+003,3.727575e-001
1.562083e+003,3.336559e-001
1.564011e+003,3.081974e-001
1.565940e+003,2.840436e-001
1.567868e+003,2.704542e-001
1.569797e+003,2.593330e-001
1.571725e+003,2.553668e-001
1.573654e+003,2.503082e-001
1.575582e+003,2.564123e-001
1.577511e+003,2.734244e-001
1.579439e+003,2.890148e-001
1.581368e+003,2.954985e-001
1.583296e+003,2.942057e-001
1.585225e+003,2.957122e-001
1.587153e+003,3.099484e-001
1.589082e+003,3.343835e-001
1.591010e+003,3.713418e-001
1.592939e+003,4.180687e-001
1.594867e+003,4.778233e-001
1.596796e+003,5.452950e-001
1.598724e+003,6.121317e-001
1.600653e+003,6.628476e-001
1.602581e+003,6.882488e-001
1.604510e+003,6.837137e-001
1.606438e+003,6.522962e-001
1.608367e+003,5.954106e-001
1.610295e+003,5.281305e-001
1.612224e+003,4.601516e-001
1.614152e+003,4.033334e-001
1.616081e+003,3.466686e-001
1.618009e+003,2.955840e-001
1.619938e+003,2.621484e-001
1.621866e+003,2.335960e-001
1.623795e+003,2.063697e-001
1.625723e+003,1.873602e-001
1.627652e+003,1.701187e-001
1.629580e+003,1.557460e-001
1.631509e+003,1.424805e-001
1.633437e+003,1.308269e-001
1.635366e+003,1.189456e-001
1.637294e+003,1.099890e-001
1.639223e+003,1.026852e-001
1.641151e+003,9.598275e-002
1.643080e+003,8.811588e-002
1.645008e+003,8.145633e-002
1.646937e+003,7.543377e-002
1.648865e+003,7.148642e-002
1.650794e+003,6.660867e-002
1.652722e+003,6.525831e-002
1.654651e+003,6.205575e-002
1.656579e+003,5.939846e-002
1.658508e+003,5.663210e-002
1.660436e+003,5.384007e-002
1.662365e+003,5.180285e-002
1.664293e+003,5.133761e-002
1.666222e+003,4.911261e-002
1.668150e+003,4.764892e-002
1.670078e+003,4.805737e-002
1.672007e+003,4.887163e-002
1.673936e+003,4.917791e-002
1.675864e+003,5.197614e-002
1.677792e+003,5.258080e-002
1.679721e+003,5.275111e-002
1.681650e+003,5.203751e-002
1.683578e+003,5.421001e-002
1.685506e+003,6.016061e-002
1.687435e+003,6.220080e-002
1.689364e+003,6.593802e-002
1.691292e+003,7.178012e-002
1.693220e+003,7.642601e-002
1.695149e+003,8.595040e-002
1.697078e+003,1.010083e-001
1.699006e+003,1.156648e-001
1.700934e+003,1.549425e-001
1.702863e+003,1.844211e-001
1.704792e+003,2.254763e-001
1.706720e+003,2.880482e-001
1.708648e+003,3.567893e-001
1.710577e+003,4.328482e-001
1.712505e+003,5.186484e-001
1.714434e+003,5.988764e-001
1.716362e+003,6.876487e-001
1.718291e+003,7.594941e-001
1.720219e+003,8.143101e-001
1.722148e+003,8.170354e-001
1.724076e+003,8.052537e-001
1.726005e+003,7.591262e-001
1.727933e+003,7.070124e-001
1.729862e+003,6.316826e-001
1.731790e+003,5.674945e-001
1.733719e+003,4.805890e-001
1.735647e+003,4.005315e-001
1.737576e+003,3.480334e-001
1.739504e+003,2.908771e-001
1.741433e+003,2.407480e-001
1.743361e+003,2.029086e-001
1.745290e+003,1.700818e-001
1.747218e+003,1.440856e-001
1.749147e+003,1.227519e-001
1.751075e+003,1.072417e-001
1.753004e+003,9.620376e-002
1.754932e+003,8.830157e-002
1.756861e+003,8.164687e-002
1.758789e+003,7.667385e-002
1.760718e+003,7.246138e-002
1.762646e+003,6.914073e-002
1.764575e+003,6.671622e-002
1.766503e+003,6.423172e-002
1.768432e+003,6.231713e-002
1.770360e+003,6.033304e-002
1.772289e+003,5.991875e-002
1.774217e+003,6.074582e-002
1.776146e+003,6.198493e-002
1.778074e+003,6.391099e-002
1.780003e+003,6.697670e-002
1.781931e+003,7.246001e-002
1.783860e+003,7.924136e-002
1.785788e+003,8.746008e-002
1.787717e+003,9.264673e-002
1.789645e+003,9.144741e-002
1.791574e+003,8.320472e-002
1.793502e+003,7.155490e-002
1.795431e+003,6.153420e-002
1.797359e+003,5.278208e-002
1.799288e+003,4.546034e-002
1.801216e+003,3.960350e-002
1.803145e+003,3.576628e-002
1.805073e+003,3.233159e-002
1.807002e+003,2.930227e-002
1.808930e+003,2.629255e-002
1.810859e+003,2.408183e-002
1.812787e+003,2.254765e-002
1.814716e+003,2.127502e-002
1.816644e+003,1.965026e-002
1.818573e+003,1.847645e-002
1.820501e+003,1.708978e-002
1.822430e+003,1.572757e-002
1.824358e+003,1.433834e-002
1.826287e+003,1.391920e-002
1.828215e+003,1.291733e-002
1.830144e+003,1.294948e-002
1.832072e+003,1.358253e-002
1.834001e+003,1.363925e-002
1.835929e+003,1.314172e-002
1.837858e+003,1.287548e-002
1.839786e+003,1.191902e-002
1.841715e+003,1.006255e-002
1.843643e+003,8.170020e-003
1.845572e+003,7.292388e-003
1.847500e+003,6.247749e-003
1.849429e+003,5.527659e-003
1.851357e+003,4.561847e-003
1.853286e+003,3.816499e-003
1.855214e+003,3.191606e-003
1.857143e+003,2.915220e-003
1.859071e+003,2.677248e-003
1.861000e+003,2.820863e-003
1.862928e+003,2.925794e-003
1.864857e+003,3.057779e-003
1.866785e+003,2.830301e-003
1.868714e+003,3.941197e-003
1.870642e+003,6.084784e-003
1.872571e+003,8.105909e-003
1.874499e+003,1.004800e-002
1.876428e+003,1.236020e-002
1.878356e+003,1.488388e-002
1.880285e+003,1.758928e-002
1.882213e+003,1.940198e-002
1.884142e+003,1.996343e-002
1.886070e+003,1.862773e-002
1.887999e+003,1.558862e-002
1.889927e+003,1.169809e-002
1.891856e+003,8.497309e-003
1.893784e+003,5.093629e-003
1.895713e+003,2.198732e-003
1.897641e+003,-4.378112e-004
1.899570e+003,-3.036137e-003
1.901498e+003,-5.739555e-003
1.903427e+003,-8.098844e-003
1.905355e+003,-1.030967e-002
1.907284e+003,-1.209413e-002
1.909212e+003,-1.370299e-002
1.911141e+003,-1.456066e-002
1.913069e+003,-1.541373e-002
1.914998e+003,-1.624521e-002
1.916926e+003,-1.727773e-002
1.918855e+003,-1.763908e-002
1.920783e+003,-1.818214e-002
1.922712e+003,-1.853560e-002
1.924640e+003,-1.845622e-002
1.926569e+003,-1.837012e-002
1.928497e+003,-1.849680e-002
1.930426e+003,-1.837517e-002
1.932354e+003,-1.820855e-002
1.934283e+003,-1.778909e-002
1.936211e+003,-1.737092e-002
1.938140e+003,-1.666488e-002
1.940068e+003,-1.611845e-002
1.941997e+003,-1.516208e-002
1.943925e+003,-1.327756e-002
1.945854e+003,-1.092660e-002
1.947782e+003,-8.479086e-003
1.949711e+003,-5.771795e-003
1.951639e+003,-2.773918e-003
1.953568e+003,1.258530e-003
1.955496e+003,6.700229e-003
1.957425e+003,1.448357e-002
1.959353e+003,2.508781e-002
1.961282e+003,4.009823e-002
1.963210e+003,6.023848e-002
1.965139e+003,8.448704e-002
1.967067e+003,1.087581e-001
1.968996e+003,1.246493e-001
1.970924e+003,1.246942e-001
1.972853e+003,1.103791e-001
1.974781e+003,8.958726e-002
1.976710e+003,7.091691e-002
1.978638e+003,5.759785e-002
1.980567e+003,4.958416e-002
1.982495e+003,4.557125e-002
1.984424e+003,4.482915e-002
1.986352e+003,4.652813e-002
1.988281e+003,5.061632e-002
1.990209e+003,5.645985e-002
1.992138e+003,6.430932e-002
1.994066e+003,7.386543e-002
1.995995e+003,8.144522e-002
1.997923e+003,8.254267e-002
1.999852e+003,8.032957e-002
2.001780e+003,7.533113e-002
2.003708e+003,6.815004e-002
2.005637e+003,6.010687e-002
2.007566e+003,5.257556e-002
2.009494e+003,4.569668e-002
2.011422e+003,3.974146e-002
2.013351e+003,3.440760e-002
2.015280e+003,2.984288e-002
2.017208e+003,2.600163e-002
2.019136e+003,2.326697e-002
2.021065e+003,2.101512e-002
2.022994e+003,1.949879e-002
2.024922e+003,1.850034e-002
2.026850e+003,1.836192e-002
2.028779e+003,1.900966e-002
2.030708e+003,2.065311e-002
2.032636e+003,2.309516e-002
2.034564e+003,2.675852e-002
2.036493e+003,3.168432e-002
2.038422e+003,3.863268e-002
2.040350e+003,4.807417e-002
2.042278e+003,6.169790e-002
2.044207e+003,8.118922e-002
2.046135e+003,1.093314e-001
2.048064e+003,1.506668e-001
2.049992e+003,2.135126e-001
2.051921e+003,3.001432e-001
2.053849e+003,3.769126e-001
2.055778e+003,3.686234e-001
2.057707e+003,2.791311e-001
2.059635e+003,1.874122e-001
2.061563e+003,1.265232e-001
2.063492e+003,9.061822e-002
2.065420e+003,6.956120e-002
2.067349e+003,5.667880e-002
2.069277e+003,4.758140e-002
2.071206e+003,4.125495e-002
2.073135e+003,3.697503e-002
2.075063e+003,3.372697e-002
2.076991e+003,3.148413e-002
2.078920e+003,2.987738e-002
2.080848e+003,2.893640e-002
2.082777e+003,2.863139e-002
2.084705e+003,2.902913e-002
2.086634e+003,2.988370e-002
2.088563e+003,3.137331e-002
2.090491e+003,3.337574e-002
2.092419e+003,3.583047e-002
2.094348e+003,3.856221e-002
2.096276e+003,4.208349e-002
2.098205e+003,4.657837e-002
2.100133e+003,5.243829e-002
2.102062e+003,5.990753e-002
2.103990e+003,6.940707e-002
2.105919e+003,8.118958e-002
2.107847e+003,9.589684e-002
2.109776e+003,1.143031e-001
2.111704e+003,1.377482e-001
2.113633e+003,1.678383e-001
2.115561e+003,2.067873e-001
2.117490e+003,2.559653e-001
2.119418e+003,3.148579e-001
2.121347e+003,3.778068e-001
2.123275e+003,4.330735e-001
2.125204e+003,4.652563e-001
2.127132e+003,4.644931e-001
2.129061e+003,4.344337e-001
2.130989e+003,3.903143e-001
2.132918e+003,3.470389e-001
2.134846e+003,3.128752e-001
2.136775e+003,2.898441e-001
2.138703e+003,2.774009e-001
2.140632e+003,2.740100e-001
2.142560e+003,2.786824e-001
2.144489e+003,2.909338e-001
2.146417e+003,3.107598e-001
2.148346e+003,3.373974e-001
2.150274e+003,3.686765e-001
2.152203e+003,3.991508e-001
2.154131e+003,4.210243e-001
2.156060e+003,4.261781e-001
2.157988e+003,4.105307e-001
2.159917e+003,3.773384e-001
2.161845e+003,3.351930e-001
2.163774e+003,2.917552e-001
2.165702e+003,2.514284e-001
2.167631e+003,2.158794e-001
2.169559e+003,1.851116e-001
2.171488e+003,1.583824e-001
2.173416e+003,1.355108e-001
2.175345e+003,1.162675e-001
2.177273e+003,1.008882e-001
2.179202e+003,8.923192e-002
2.181130e+003,8.075926e-002
2.183059e+003,7.466502e-002
2.184987e+003,7.063733e-002
2.186916e+003,6.803136e-002
2.188844e+003,6.656981e-002
2.190773e+003,6.600613e-002
2.192701e+003,6.620926e-002
2.194630e+003,6.695432e-002
2.196558e+003,6.806310e-002
2.198487e+003,6.930690e-002
2.200415e+003,7.077310e-002
2.202344e+003,7.209940e-002
2.204272e+003,7.335261e-002
2.206201e+003,7.444897e-002
2.208129e+003,7.553422e-002
2.210058e+003,7.656523e-002
2.211986e+003,7.757401e-002
2.213915e+003,7.860497e-002
2.215843e+003,7.987068e-002
2.217772e+003,8.132362e-002
2.219700e+003,8.318707e-002
2.221629e+003,8.526168e-002
2.223557e+003,8.777354e-002
2.225486e+003,9.062573e-002
2.227414e+003,9.382849e-002
2.229343e+003,9.755088e-002
2.231271e+003,1.017764e-001
2.233200e+003,1.065084e-001
2.235128e+003,1.119383e-001
2.237057e+003,1.179129e-001
2.238985e+003,1.244668e-001
2.240914e+003,1.315657e-001
2.242842e+003,1.391521e-001
2.244771e+003,1.468095e-001
2.246699e+003,1.543608e-001
2.248628e+003,1.617913e-001
2.250556e+003,1.691668e-001
2.252485e+003,1.767572e-001
2.254413e+003,1.850737e-001
2.256342e+003,1.940114e-001
2.258270e+003,2.038619e-001
2.260199e+003,2.150244e-001
2.262127e+003,2.276658e-001
2.264056e+003,2.420553e-001
2.265984e+003,2.587250e-001
2.267913e+003,2.781153e-001
2.269841e+003,3.008132e-001
2.271770e+003,3.275389e-001
2.273698e+003,3.591549e-001
2.275627e+003,3.964197e-001
2.277555e+003,4.406074e-001
2.279484e+003,4.938444e-001
2.281412e+003,5.589313e-001
2.283341e+003,6.396166e-001
2.285269e+003,7.411258e-001
2.287198e+003,8.668662e-001
2.289126e+003,1.015556e+000
2.291055e+003,1.186670e+000
2.292983e+003,1.383785e+000
2.294912e+003,1.609932e+000
2.296840e+003,1.832810e+000
2.298769e+003,1.988005e+000
2.300697e+003,2.043630e+000
2.302625e+003,2.050205e+000
2.304554e+003,2.051242e+000
2.306483e+003,2.050325e+000
2.308411e+003,2.040949e+000
2.310340e+003,2.024251e+000
2.312268e+003,1.971655e+000
2.314197e+003,1.839496e+000
2.316125e+003,1.631907e+000
2.318053e+003,1.412020e+000
2.319982e+003,1.219372e+000
2.321911e+003,1.060201e+000
2.323839e+003,9.316759e-001
2.325768e+003,8.292543e-001
2.327696e+003,7.470495e-001
2.329625e+003,6.803821e-001
2.331553e+003,6.267422e-001
2.333481e+003,5.844437e-001
2.335410e+003,5.514529e-001
2.337339e+003,5.236477e-001
2.339267e+003,4.954945e-001
2.341196e+003,4.671680e-001
2.343124e+003,4.431398e-001
2.345052e+003,4.236890e-001
2.346981e+003,4.083391e-001
2.348909e+003,3.960742e-001
2.350838e+003,3.843537e-001
2.352767e+003,3.729872e-001
2.354695e+003,3.626245e-001
2.356624e+003,3.531250e-001
2.358552e+003,3.445818e-001
2.360480e+003,3.364115e-001
2.362409e+003,3.281776e-001
2.364337e+003,3.195725e-001
2.366266e+003,3.106987e-001
2.368195e+003,3.016279e-001
2.370123e+003,2.929758e-001
2.372052e+003,2.848021e-001
2.373980e+003,2.776302e-001
2.375908e+003,2.719086e-001
2.377837e+003,2.679139e-001
2.379765e+003,2.661523e-001
2.381694e+003,2.668968e-001
2.383622e+003,2.704425e-001
2.385551e+003,2.775036e-001
2.387479e+003,2.887445e-001
2.389408e+003,3.049757e-001
2.391336e+003,3.271469e-001
2.393265e+003,3.567246e-001
2.395193e+003,3.963190e-001
2.397122e+003,4.502789e-001
2.399050e+003,5.245452e-001
2.400979e+003,6.258994e-001
2.402907e+003,7.594950e-001
2.404836e+003,9.236449e-001
2.406764e+003,1.099165e+000
2.408693e+003,1.239953e+000
2.410621e+003,1.289084e+000
2.412550e+003,1.229819e+000
2.414478e+003,1.102733e+000
2.416407e+003,9.556199e-001
2.418335e+003,8.177462e-001
2.420264e+003,6.999125e-001
2.422192e+003,6.025339e-001
2.424121e+003,5.228246e-001
2.426049e+003,4.578345e-001
2.427978e+003,4.047512e-001
2.429906e+003,3.613665e-001
2.431835e+003,3.258070e-001
2.433763e+003,2.966164e-001
2.435692e+003,2.723043e-001
2.437620e+003,2.517937e-001
2.439549e+003,2.344120e-001
2.441477e+003,2.194970e-001
2.443406e+003,2.066864e-001
2.445334e+003,1.956786e-001
2.447263e+003,1.859594e-001
2.449191e+003,1.773014e-001
2.451120e+003,1.697384e-001
2.453048e+003,1.629756e-001
2.454977e+003,1.570505e-001
2.456905e+003,1.516556e-001
2.458834e+003,1.467035e-001
2.460762e+003,1.423705e-001
2.462691e+003,1.385052e-001
2.464619e+003,1.350435e-001
2.466548e+003,1.321358e-001
2.468476e+003,1.295926e-001
2.470405e+003,1.272124e-001
2.472333e+003,1.252126e-001
2.474262e+003,1.236707e-001
2.476190e+003,1.225352e-001
2.478119e+003,1.217775e-001
2.480047e+003,1.214808e-001
2.481976e+003,1.216604e-001
2.483904e+003,1.222760e-001
2.485833e+003,1.235451e-001
2.487761e+003,1.254328e-001
2.489690e+003,1.280727e-001
2.491618e+003,1.317382e-001
2.493547e+003,1.366872e-001
2.495475e+003,1.428947e-001
2.497404e+003,1.509496e-001
2.499332e+003,1.611657e-001
2.501261e+003,1.736431e-001
2.503189e+003,1.890674e-001
2.505118e+003,2.089929e-001
2.507046e+003,2.355390e-001
2.508975e+003,2.712930e-001
2.510903e+003,3.195762e-001
2.512832e+003,3.840783e-001
2.514760e+003,4.671598e-001
2.516689e+003,5.659033e-001
2.518617e+003,6.627098e-001
2.520546e+003,7.226003e-001
2.522474e+003,7.188469e-001
2.524403e+003,6.618112e-001
2.526331e+003,5.826582e-001
2.528260e+003,5.049055e-001
2.530188e+003,4.377763e-001
2.532117e+003,3.818643e-001
2.534045e+003,3.355132e-001
2.535974e+003,2.966902e-001
2.537902e+003,2.640339e-001
2.539831e+003,2.367429e-001
2.541759e+003,2.141255e-001
2.543688e+003,1.953597e-001
2.545616e+003,1.798377e-001
2.547545e+003,1.670934e-001
2.549473e+003,1.565853e-001
2.551402e+003,1.478630e-001
2.553330e+003,1.405294e-001
2.555259e+003,1.343994e-001
2.557187e+003,1.292914e-001
2.559116e+003,1.250544e-001
2.561044e+003,1.216882e-001
2.562973e+003,1.190207e-001
2.564901e+003,1.169206e-001
2.566830e+003,1.152621e-001
2.568758e+003,1.139724e-001
2.570687e+003,1.128799e-001
2.572615e+003,1.117065e-001
2.574544e+003,1.103618e-001
2.576472e+003,1.087202e-001
2.578401e+003,1.068605e-001
2.580329e+003,1.049248e-001
2.582258e+003,1.029238e-001
2.584186e+003,1.007596e-001
2.586115e+003,9.845020e-002
2.588043e+003,9.569239e-002
2.589972e+003,9.246431e-002
2.591900e+003,8.888195e-002
2.593829e+003,8.505915e-002
2.595757e+003,8.118390e-002
2.597686e+003,7.762191e-002
2.599614e+003,7.450049e-002
2.601543e+003,7.178132e-002
2.603471e+003,6.944179e-002
2.605400e+003,6.727762e-002
2.607328e+003,6.539784e-002
2.609257e+003,6.377588e-002
2.611185e+003,6.227984e-002
2.613114e+003,6.098220e-002
2.615042e+003,5.986520e-002
2.616971e+003,5.894699e-002
2.618899e+003,5.822027e-002
2.620828e+003,5.762619e-002
2.622756e+003,5.713985e-002
2.624685e+003,5.686824e-002
2.626613e+003,5.679717e-002
2.628542e+003,5.686416e-002
2.630470e+003,5.715271e-002
2.632398e+003,5.766308e-002
2.634327e+003,5.836491e-002
2.636256e+003,5.933810e-002
2.638184e+003,6.045169e-002
2.640113e+003,6.177620e-002
2.642041e+003,6.350918e-002
2.643969e+003,6.556906e-002
2.645898e+003,6.798839e-002
2.647826e+003,7.094906e-002
2.649755e+003,7.464893e-002
2.651684e+003,7.913722e-002
2.653612e+003,8.456186e-002
2.655541e+003,9.126049e-002
2.657469e+003,9.954315e-002
2.659397e+003,1.099352e-001
2.661326e+003,1.232398e-001
2.663254e+003,1.407169e-001
2.665183e+003,1.640631e-001
2.667112e+003,1.950082e-001
2.669040e+003,2.351521e-001
2.670969e+003,2.853925e-001
2.672897e+003,3.468887e-001
2.674825e+003,4.264999e-001
2.676754e+003,5.413080e-001
2.678682e+003,7.175931e-001
2.680611e+003,9.816714e-001
2.682540e+003,1.331528e+000
2.684468e+003,1.645292e+000
2.686396e+003,1.645545e+000
2.688325e+003,1.339747e+000
2.690253e+003,9.955115e-001
2.692182e+003,7.315724e-001
2.694110e+003,5.517930e-001
2.696039e+003,4.330311e-001
2.697968e+003,3.538873e-001
2.699896e+003,2.999109e-001
2.701824e+003,2.617763e-001
2.703753e+003,2.337684e-001
2.705681e+003,2.125349e-001
2.707610e+003,1.961089e-001
2.709538e+003,1.834486e-001
2.711467e+003,1.739136e-001
2.713396e+003,1.667881e-001
2.715324e+003,1.615113e-001
2.717252e+003,1.575171e-001
2.719181e+003,1.541689e-001
2.721109e+003,1.510830e-001
2.723038e+003,1.475999e-001
2.724966e+003,1.432754e-001
2.726895e+003,1.380075e-001
2.728823e+003,1.318500e-001
2.730752e+003,1.250442e-001
2.732680e+003,1.179214e-001
2.734609e+003,1.109736e-001
2.736537e+003,1.045458e-001
2.738466e+003,9.875893e-002
2.740394e+003,9.378593e-002
2.742323e+003,8.963858e-002
2.744251e+003,8.633657e-002
2.746180e+003,8.366451e-002
2.748108e+003,8.151473e-002
2.750037e+003,7.991970e-002
2.751965e+003,7.879668e-002
2.753894e+003,7.818331e-002
2.755822e+003,7.808256e-002
2.757751e+003,7.838044e-002
2.759679e+003,7.894985e-002
2.761608e+003,7.989007e-002
2.763536e+003,8.125254e-002
2.765465e+003,8.297335e-002
2.767393e+003,8.510091e-002
2.769322e+003,8.756473e-002
2.771250e+003,9.028598e-002
2.773179e+003,9.339258e-002
2.775107e+003,9.687481e-002
2.777036e+003,1.007522e-001
2.778964e+003,1.050747e-001
2.780893e+003,1.098523e-001
2.782821e+003,1.149054e-001
2.784750e+003,1.202174e-001
2.786678e+003,1.256108e-001
2.788607e+003,1.314428e-001
2.790535e+003,1.378946e-001
2.792464e+003,1.450584e-001
2.794392e+003,1.531411e-001
2.796321e+003,1.622123e-001
2.798249e+003,1.722838e-001
2.800178e+003,1.833067e-001
2.802106e+003,1.954864e-001
2.804035e+003,2.089005e-001
2.805963e+003,2.233710e-001
2.807892e+003,2.393944e-001
2.809820e+003,2.575224e-001
2.811749e+003,2.787757e-001
2.813677e+003,3.040369e-001
2.815606e+003,3.344221e-001
2.817534e+003,3.713000e-001
2.819463e+003,4.161297e-001
2.821391e+003,4.702729e-001
2.823320e+003,5.343730e-001
2.825248e+003,6.064622e-001
2.827177e+003,6.783844e-001
2.829105e+003,7.330974e-001
2.831034e+003,7.505727e-001
2.832962e+003,7.229043e-001
2.834891e+003,6.659261e-001
2.836819e+003,6.041025e-001
2.838748e+003,5.516386e-001
2.840676e+003,5.130295e-001
2.842605e+003,4.875198e-001
2.844533e+003,4.732059e-001
2.846462e+003,4.689775e-001
2.848390e+003,4.733315e-001
2.850319e+003,4.849866e-001
2.852247e+003,5.025883e-001
2.854176e+003,5.243956e-001
2.856104e+003,5.479439e-001
2.858033e+003,5.690322e-001
2.859961e+003,5.823215e-001
2.861890e+003,5.840942e-001
2.863818e+003,5.764008e-001
2.865747e+003,5.670803e-001
2.867675e+003,5.644994e-001
2.869604e+003,5.732182e-001
2.871532e+003,5.899874e-001
2.873461e+003,6.035606e-001
2.875389e+003,6.058171e-001
2.877318e+003,5.982499e-001
2.879246e+003,5.862439e-001
2.881175e+003,5.743869e-001
2.883103e+003,5.663465e-001
2.885032e+003,5.647100e-001
2.886960e+003,5.693946e-001
2.888889e+003,5.792642e-001
2.890817e+003,5.932471e-001
2.892746e+003,6.094283e-001
2.894674e+003,6.262975e-001
2.896603e+003,6.436911e-001
2.898531e+003,6.611049e-001
2.900460e+003,6.780382e-001
2.902388e+003,6.962133e-001
2.904317e+003,7.166272e-001
2.906245e+003,7.391545e-001
2.908174e+003,7.650709e-001
2.910102e+003,7.949769e-001
2.912031e+003,8.289278e-001
2.913959e+003,8.663821e-001
2.915888e+003,9.066350e-001
2.917816e+003,9.504644e-001
2.919745e+003,9.980280e-001
2.921673e+003,1.049323e+000
2.923602e+003,1.102746e+000
2.925530e+003,1.156671e+000
2.927458e+003,1.208910e+000
2.929387e+003,1.256708e+000
2.931316e+003,1.297689e+000
2.933244e+003,1.331925e+000
2.935173e+003,1.357460e+000
2.937101e+003,1.378298e+000
2.939030e+003,1.400114e+000
2.940958e+003,1.426017e+000
2.942886e+003,1.457491e+000
2.944815e+003,1.496426e+000
2.946744e+003,1.543073e+000
2.948672e+003,1.597617e+000
2.950601e+003,1.656583e+000
2.952529e+003,1.719916e+000
2.954458e+003,1.780589e+000
2.956386e+003,1.833638e+000
2.958314e+003,1.877819e+000
2.960243e+003,1.917792e+000
2.962172e+003,1.946879e+000
2.964100e+003,1.965000e+000
2.966029e+003,1.976656e+000
2.967957e+003,1.985947e+000
2.969885e+003,1.994118e+000
2.971814e+003,2.008053e+000
2.973742e+003,2.014992e+000
2.975671e+003,2.015239e+000
2.977600e+003,2.014459e+000
2.979528e+003,2.022337e+000
2.981457e+003,2.024916e+000
2.983385e+003,2.025572e+000
2.985313e+003,2.029651e+000
2.987242e+003,2.030433e+000
2.989170e+003,2.025515e+000
2.991099e+003,2.030264e+000
2.993028e+003,2.037503e+000
2.994956e+003,2.034667e+000
2.996885e+003,2.032935e+000
2.998813e+003,2.031803e+000
3.000741e+003,2.025583e+000
3.002670e+003,2.019140e+000
3.004598e+003,2.011690e+000
3.006527e+003,2.002817e+000
3.008456e+003,1.989416e+000
3.010384e+003,1.977897e+000
3.012313e+003,1.965467e+000
3.014241e+003,1.950357e+000
3.016169e+003,1.941462e+000
3.018098e+003,1.939873e+000
3.020026e+003,1.937945e+000
3.021955e+003,1.935557e+000
3.023884e+003,1.939374e+000
3.025812e+003,1.950790e+000
3.027740e+003,1.962413e+000
3.029669e+003,1.974718e+000
3.031597e+003,1.987767e+000
3.033526e+003,1.996679e+000
3.035454e+003,2.006836e+000
3.037383e+003,2.021523e+000
3.039312e+003,2.018727e+000
3.041240e+003,2.013572e+000
3.043168e+003,2.021762e+000
3.045097e+003,2.021295e+000
3.047025e+003,2.014790e+000
3.048954e+003,2.022999e+000
3.050882e+003,2.025708e+000
3.052811e+003,2.024353e+000
3.054740e+003,2.018677e+000
3.056668e+003,2.020259e+000
3.058596e+003,2.022612e+000
3.060525e+003,2.025987e+000
3.062453e+003,2.028352e+000
3.064382e+003,2.028440e+000
3.066310e+003,2.026473e+000
3.068239e+003,2.025884e+000
3.070167e+003,2.027264e+000
3.072096e+003,2.036957e+000
3.074024e+003,2.042561e+000
3.075953e+003,2.038236e+000
3.077881e+003,2.034759e+000
3.079810e+003,2.033486e+000
3.081738e+003,2.033574e+000
3.083667e+003,2.036004e+000
3.085595e+003,2.026671e+000
3.087524e+003,2.020240e+000
3.089452e+003,2.018232e+000
3.091381e+003,2.015890e+000
3.093309e+003,2.003492e+000
3.095238e+003,1.994570e+000
3.097166e+003,1.982586e+000
3.099095e+003,1.967308e+000
3.101023e+003,1.957746e+000
3.102952e+003,1.951638e+000
3.104880e+003,1.938542e+000
3.106809e+003,1.925835e+000
3.108737e+003,1.915138e+000
3.110666e+003,1.898655e+000
3.112594e+003,1.875782e+000
3.114523e+003,1.854616e+000
3.116451e+003,1.828586e+000
3.118380e+003,1.800810e+000
3.120308e+003,1.767841e+000
3.122237e+003,1.735392e+000
3.124165e+003,1.703775e+000
3.126094e+003,1.672541e+000
3.128022e+003,1.638449e+000
3.129951e+003,1.604895e+000
3.131879e+003,1.572969e+000
3.133808e+003,1.540123e+000
3.135736e+003,1.504691e+000
3.137665e+003,1.471741e+000
3.139593e+003,1.438433e+000
3.141522e+003,1.405226e+000
3.143450e+003,1.370530e+000
3.145379e+003,1.339002e+000
3.147307e+003,1.306883e+000
3.149236e+003,1.275299e+000
3.151164e+003,1.243330e+000
3.153093e+003,1.211678e+000
3.155021e+003,1.180390e+000
3.156950e+003,1.150547e+000
3.158878e+003,1.120998e+000
3.160807e+003,1.092018e+000
3.162735e+003,1.063602e+000
3.164664e+003,1.035185e+000
3.166592e+003,1.007108e+000
3.168521e+003,9.801115e-001
3.170449e+003,9.540552e-001
3.172378e+003,9.288238e-001
3.174306e+003,9.042350e-001
3.176235e+003,8.799843e-001
3.178163e+003,8.562564e-001
3.180092e+003,8.336751e-001
3.182020e+003,8.112674e-001
3.183949e+003,7.887238e-001
3.185877e+003,7.661989e-001
3.187806e+003,7.440429e-001
3.189734e+003,7.218667e-001
3.191663e+003,7.003486e-001
3.193591e+003,6.798779e-001
3.195520e+003,6.598520e-001
3.197448e+003,6.399261e-001
3.199377e+003,6.211065e-001
3.201305e+003,6.033319e-001
3.203234e+003,5.862169e-001
3.205162e+003,5.694327e-001
3.207091e+003,5.530235e-001
3.209019e+003,5.373408e-001
3.210948e+003,5.226382e-001
3.212876e+003,5.082956e-001
3.214805e+003,4.946268e-001
3.216733e+003,4.815510e-001
3.218662e+003,4.688831e-001
3.220590e+003,4.568653e-001
3.222519e+003,4.453225e-001
3.224447e+003,4.337265e-001
3.226376e+003,4.221731e-001
3.228304e+003,4.110268e-001
3.230233e+003,4.004320e-001
3.232161e+003,3.901843e-001
3.234090e+003,3.804371e-001
3.236018e+003,3.715119e-001
3.237947e+003,3.632637e-001
3.239875e+003,3.558029e-001
3.241804e+003,3.487819e-001
3.243732e+003,3.417917e-001
3.245661e+003,3.348514e-001
3.247589e+003,3.276438e-001
3.249518e+003,3.193794e-001
3.251446e+003,3.102773e-001
3.253375e+003,3.009679e-001
3.255303e+003,2.920785e-001
3.257232e+003,2.838392e-001
3.259160e+003,2.764256e-001
3.261089e+003,2.698677e-001
3.263017e+003,2.645786e-001
3.264946e+003,2.605464e-001
3.266874e+003,2.574239e-001
3.268802e+003,2.546372e-001
3.270731e+003,2.514537e-001
3.272660e+003,2.468463e-001
3.274588e+003,2.400071e-001
3.276517e+003,2.309873e-001
3.278445e+003,2.209103e-001
3.280374e+003,2.109119e-001
3.282302e+003,2.018057e-001
3.284230e+003,1.936866e-001
3.286159e+003,1.865537e-001
3.288088e+003,1.801445e-001
3.290016e+003,1.742700e-001
3.291945e+003,1.686705e-001
3.293873e+003,1.636014e-001
3.295802e+003,1.590732e-001
3.297730e+003,1.547077e-001
3.299658e+003,1.503163e-001
3.301587e+003,1.463985e-001
3.303516e+003,1.426435e-001
3.305444e+003,1.391913e-001
3.307373e+003,1.361115e-001
3.309301e+003,1.333419e-001
3.311229e+003,1.302980e-001
3.313158e+003,1.269077e-001
3.315086e+003,1.230855e-001
3.317015e+003,1.190525e-001
3.318944e+003,1.149625e-001
3.320872e+003,1.110790e-001
3.322801e+003,1.074311e-001
3.324729e+003,1.041690e-001
3.326657e+003,1.010643e-001
3.328586e+003,9.849726e-002
3.330514e+003,9.609692e-002
3.332443e+003,9.366521e-002
3.334372e+003,9.115700e-002
3.336300e+003,8.887077e-002
3.338229e+003,8.642502e-002
3.340157e+003,8.366214e-002
3.342085e+003,8.061551e-002
3.344014e+003,7.781200e-002
3.345942e+003,7.505988e-002
3.347871e+003,7.235205e-002
3.349800e+003,6.956439e-002
3.351728e+003,6.704158e-002
3.353656e+003,6.448414e-002
3.355585e+003,6.206164e-002
3.357513e+003,5.972914e-002
3.359442e+003,5.742601e-002
3.361370e+003,5.519857e-002
3.363299e+003,5.334672e-002
3.365228e+003,5.136529e-002
3.367156e+003,4.947253e-002
3.369084e+003,4.767336e-002
3.371013e+003,4.613391e-002
3.372941e+003,4.446755e-002
3.374870e+003,4.290092e-002
3.376798e+003,4.138745e-002
3.378727e+003,3.998654e-002
3.380656e+003,3.852597e-002
3.382584e+003,3.727401e-002
3.384512e+003,3.602227e-002
3.386441e+003,3.490273e-002
3.388369e+003,3.387414e-002
3.390298e+003,3.297329e-002
3.392226e+003,3.200565e-002
3.394155e+003,3.128318e-002
3.396083e+003,3.036235e-002
3.398012e+003,2.978024e-002
3.399940e+003,2.924084e-002
3.401869e+003,2.873711e-002
3.403797e+003,2.823008e-002
3.405726e+003,2.795013e-002
3.407654e+003,2.753943e-002
3.409583e+003,2.731372e-002
3.411511e+003,2.704991e-002
3.413440e+003,2.704659e-002
3.415368e+003,2.689693e-002
3.417297e+003,2.670182e-002
3.419225e+003,2.623679e-002
3.421154e+003,2.604318e-002
3.423082e+003,2.584947e-002
3.425011e+003,2.555678e-002
3.426939e+003,2.495858e-002
3.428868e+003,2.461967e-002
3.430796e+003,2.418303e-002
3.432725e+003,2.391715e-002
3.434653e+003,2.340365e-002
3.436582e+003,2.308915e-002
3.438510e+003,2.277372e-002
3.440439e+003,2.260287e-002
3.442367e+003,2.233942e-002
3.444296e+003,2.231856e-002
3.446224e+003,2.209514e-002
3.448153e+003,2.241774e-002
3.450081e+003,2.262821e-002
3.452010e+003,2.298646e-002
3.453938e+003,2.321716e-002
3.455867e+003,2.371253e-002
3.457795e+003,2.396449e-002
3.459724e+003,2.396862e-002
3.461652e+003,2.347978e-002
3.463581e+003,2.324715e-002
3.465509e+003,2.279101e-002
3.467438e+003,2.262441e-002
3.469366e+003,2.235592e-002
3.471295e+003,2.230301e-002
3.473223e+003,2.224623e-002
3.475152e+003,2.266567e-002
3.477080e+003,2.286690e-002
3.479009e+003,2.298768e-002
3.480937e+003,2.302283e-002
3.482866e+003,2.375844e-002
3.484794e+003,2.440841e-002
3.486723e+003,2.502575e-002
3.488651e+003,2.548109e-002
3.490580e+003,2.626428e-002
3.492508e+003,2.666296e-002
3.494437e+003,2.727738e-002
3.496365e+003,2.789942e-002
3.498294e+003,2.879489e-002
3.500222e+003,2.919565e-002
3.502151e+003,2.996204e-002
3.504079e+003,3.113450e-002
3.506008e+003,3.259771e-002
3.507936e+003,3.363724e-002
3.509865e+003,3.526787e-002
3.511793e+003,3.710176e-002
3.513722e+003,3.954053e-002
3.515650e+003,4.213650e-002
3.517579e+003,4.542006e-002
3.519507e+003,4.901987e-002
3.521436e+003,5.328768e-002
3.523364e+003,5.856397e-002
3.525293e+003,6.471894e-002
3.527221e+003,7.056392e-002
3.529150e+003,7.629146e-002
3.531078e+003,8.010904e-002
3.533007e+003,8.201203e-002
3.534935e+003,8.150498e-002
3.536864e+003,8.021063e-002
3.538792e+003,7.837904e-002
3.540721e+003,7.673011e-002
3.542649e+003,7.532959e-002
3.544578e+003,7.480391e-002
3.546506e+003,7.459203e-002
3.548435e+003,7.446305e-002
3.550363e+003,7.326674e-002
3.552292e+003,7.244150e-002
3.554220e+003,7.170089e-002
3.556149e+003,7.107630e-002
3.558077e+003,7.033961e-002
3.560006e+003,7.003031e-002
3.561934e+003,6.918032e-002
3.563863e+003,6.796208e-002
3.565791e+003,6.655514e-002
3.567720e+003,6.722907e-002
3.569648e+003,6.772869e-002
3.571577e+003,6.815946e-002
3.573505e+003,6.870779e-002
3.575434e+003,7.037799e-002
3.577362e+003,7.284629e-002
3.579291e+003,7.695248e-002
3.581219e+003,8.216786e-002
3.583148e+003,8.872865e-002
3.585076e+003,9.565753e-002
3.587005e+003,1.065336e-001
3.588933e+003,1.213610e-001
3.590862e+003,1.364429e-001
3.592790e+003,1.534196e-001
3.594719e+003,1.732839e-001
3.596647e+003,1.907888e-001
3.598576e+003,2.025355e-001
3.600504e+003,2.059962e-001
3.602433e+003,2.000564e-001
3.604361e+003,1.859234e-001
3.606290e+003,1.673498e-001
3.608218e+003,1.469376e-001
3.610146e+003,1.294220e-001
3.612075e+003,1.148952e-001
3.614004e+003,1.033415e-001
3.615932e+003,9.491637e-002
3.617861e+003,8.902346e-002
3.619789e+003,8.471245e-002
3.621718e+003,8.271565e-002
3.623646e+003,8.096451e-002
3.625574e+003,8.030338e-002
3.627503e+003,8.073544e-002
3.629432e+003,8.448555e-002
3.631360e+003,8.575518e-002
3.633289e+003,8.890411e-002
3.635217e+003,9.270596e-002
3.637146e+003,9.706378e-002
3.639074e+003,1.014481e-001
3.641002e+003,1.076034e-001
3.642931e+003,1.137960e-001
3.644860e+003,1.203523e-001
3.646788e+003,1.268430e-001
3.648717e+003,1.390879e-001
3.650645e+003,1.535712e-001
3.652573e+003,1.680534e-001
3.654502e+003,1.804694e-001
3.656430e+003,2.012492e-001
3.658359e+003,2.213746e-001
3.660288e+003,2.446678e-001
3.662216e+003,2.713792e-001
3.664145e+003,3.036466e-001
3.666073e+003,3.364515e-001
3.668001e+003,3.734664e-001
3.669930e+003,4.263698e-001
3.671858e+003,4.861718e-001
3.673787e+003,5.311602e-001
3.675716e+003,6.233245e-001
3.677644e+003,7.099115e-001
3.679573e+003,8.023685e-001
3.681501e+003,9.039640e-001
3.683429e+003,1.012174e+000
3.685358e+003,1.101493e+000
3.687286e+003,1.178651e+000
3.689215e+003,1.230268e+000
3.691144e+003,1.279659e+000
3.693072e+003,1.267735e+000
3.695000e+003,1.221381e+000
3.696929e+003,1.124841e+000
3.698857e+003,1.033875e+000
3.700786e+003,9.268843e-001
3.702714e+003,8.324865e-001
3.704643e+003,7.541890e-001
3.706572e+003,6.871346e-001
3.708500e+003,6.254345e-001
3.710428e+003,5.779350e-001
3.712357e+003,5.439613e-001
3.714285e+003,5.308657e-001
3.716214e+003,5.265567e-001
3.718142e+003,5.318865e-001
3.720071e+003,5.433210e-001
3.722000e+003,5.624670e-001
3.723928e+003,5.827938e-001
3.725856e+003,6.029460e-001
3.727785e+003,6.155680e-001
3.729713e+003,6.170505e-001
3.731642e+003,6.027214e-001
3.733570e+003,5.830904e-001
3.735499e+003,5.557050e-001
3.737427e+003,5.329677e-001
3.739356e+003,5.131406e-001
3.741284e+003,5.034805e-001
3.743213e+003,5.029737e-001
3.745141e+003,5.349004e-001
3.747070e+003,5.640805e-001
3.748998e+003,6.191880e-001
3.750927e+003,6.918555e-001
3.752855e+003,7.864130e-001
3.754784e+003,8.446552e-001
3.756712e+003,8.839725e-001
3.758641e+003,8.668602e-001
3.760569e+003,8.141285e-001
3.762498e+003,7.326617e-001
3.764426e+003,6.419846e-001
3.766355e+003,5.496473e-001
3.768283e+003,4.811004e-001
3.770212e+003,4.166001e-001
3.772140e+003,3.715023e-001
3.774069e+003,3.376755e-001
3.775997e+003,3.090166e-001
3.777926e+003,2.865323e-001
3.779854e+003,2.667141e-001
3.781783e+003,2.537612e-001
3.783711e+003,2.424061e-001
3.785640e+003,2.336562e-001
3.787568e+003,2.266908e-001
3.789497e+003,2.211875e-001
3.791425e+003,2.157140e-001
3.793354e+003,2.114942e-001
3.795282e+003,2.065454e-001
3.797211e+003,2.022980e-001
3.799139e+003,1.986472e-001
3.801068e+003,1.955162e-001
3.802996e+003,1.912462e-001
3.804925e+003,1.891021e-001
3.806853e+003,1.861186e-001
3.808782e+003,1.850165e-001
3.810710e+003,1.841601e-001
3.812639e+003,1.846108e-001
3.814567e+003,1.866084e-001
3.816496e+003,1.936265e-001
3.818424e+003,1.997748e-001
3.820353e+003,2.119544e-001
3.822281e+003,2.283479e-001
3.824210e+003,2.383283e-001
3.826138e+003,2.419218e-001
3.828067e+003,2.374903e-001
3.829995e+003,2.255377e-001
3.831924e+003,2.085145e-001
3.833852e+003,1.926035e-001
3.835781e+003,1.796392e-001
3.837709e+003,1.674426e-001
3.839638e+003,1.574160e-001
3.841566e+003,1.510409e-001
3.843495e+003,1.462624e-001
3.845423e+003,1.424216e-001
3.847352e+003,1.393359e-001
3.849280e+003,1.360928e-001
3.851209e+003,1.352992e-001
3.853137e+003,1.367787e-001
3.855066e+003,1.356401e-001
3.856994e+003,1.343675e-001
3.858923e+003,1.361079e-001
3.860851e+003,1.378228e-001
3.862780e+003,1.411220e-001
3.864708e+003,1.458583e-001
3.866637e+003,1.520813e-001
3.868565e+003,1.585041e-001
3.870494e+003,1.706886e-001
3.872422e+003,1.806969e-001
3.874351e+003,1.954924e-001
3.876279e+003,2.070186e-001
3.878208e+003,2.110181e-001
3.880136e+003,2.052528e-001
3.882065e+003,1.971895e-001
3.883993e+003,1.889640e-001
3.885922e+003,1.817265e-001
3.887850e+003,1.767505e-001
3.889779e+003,1.739704e-001
3.891707e+003,1.717254e-001
3.893636e+003,1.722152e-001
3.895564e+003,1.729496e-001
3.897493e+003,1.746994e-001
3.899421e+003,1.772213e-001
3.901350e+003,1.819405e-001
3.903278e+003,1.875894e-001
3.905207e+003,1.960956e-001
3.907135e+003,2.047110e-001
3.909064e+003,2.153096e-001
3.910992e+003,2.272976e-001
3.912921e+003,2.424016e-001
3.914849e+003,2.585872e-001
3.916778e+003,2.813739e-001
3.918706e+003,3.087764e-001
3.920635e+003,3.424181e-001
3.922563e+003,3.792256e-001
3.924492e+003,4.277534e-001
3.926420e+003,4.868212e-001
3.928349e+003,5.595267e-001
3.930277e+003,6.528194e-001
3.932206e+003,7.808859e-001
3.934134e+003,9.341933e-001
3.936063e+003,1.111069e+000
3.937991e+003,1.299142e+000
3.939920e+003,1.483612e+000
3.941848e+003,1.590681e+000
3.943777e+003,1.657743e+000
3.945705e+003,1.628273e+000
3.947634e+003,1.523180e+000
3.949562e+003,1.343352e+000
3.951490e+003,1.158325e+000
3.953419e+003,9.811265e-001
3.955348e+003,8.343785e-001
3.957276e+003,7.144942e-001
3.959205e+003,6.217828e-001
3.961133e+003,5.472286e-001
3.963062e+003,4.885991e-001
3.964990e+003,4.423232e-001
3.966918e+003,4.045701e-001
3.968847e+003,3.730339e-001
3.970776e+003,3.467432e-001
3.972704e+003,3.244002e-001
3.974633e+003,3.051667e-001
3.976561e+003,2.877898e-001
3.978490e+003,2.724646e-001
3.980418e+003,2.587704e-001
3.982346e+003,2.462122e-001
3.984275e+003,2.345627e-001
3.986204e+003,2.238389e-001
3.988132e+003,2.140930e-001
3.990061e+003,2.052296e-001
3.991989e+003,1.972333e-001
3.993917e+003,1.900351e-001
3.995846e+003,1.833056e-001
3.997774e+003,1.772103e-001
3.999703e+003,1.716972e-001
4.001632e+003,0.000000e+000
