3.991989e+002,1.088948e+000
4.011274e+002,9.696403e-001
4.030559e+002,8.942939e-001
4.049844e+002,8.412012e-001
4.069129e+002,7.952114e-001
4.088414e+002,7.491215e-001
4.107699e+002,7.189916e-001
4.126984e+002,6.984856e-001
4.146269e+002,6.806484e-001
4.165554e+002,6.917232e-001
4.184839e+002,7.307749e-001
4.204124e+002,6.779173e-001
4.223409e+002,6.295249e-001
4.242694e+002,6.124097e-001
4.261979e+002,5.912867e-001
4.281264e+002,5.792152e-001
4.300549e+002,5.761386e-001
4.319834e+002,5.717845e-001
4.339119e+002,5.709772e-001
4.358404e+002,5.755699e-001
4.377689e+002,5.740841e-001
4.396974e+002,5.738510e-001
4.416259e+002,5.826970e-001
4.435544e+002,5.900269e-001
4.454829e+002,5.927633e-001
4.474114e+002,5.974890e-001
4.493399e+002,6.033468e-001
4.512684e+002,6.130231e-001
4.531969e+002,6.232500e-001
4.551254e+002,6.321614e-001
4.570539e+002,6.526538e-001
4.589824e+002,6.670771e-001
4.609109e+002,6.738947e-001
4.628394e+002,6.890661e-001
4.647679e+002,7.072850e-001
4.666964e+002,7.248027e-001
4.686248e+002,7.461480e-001
4.705533e+002,7.669576e-001
4.724818e+002,7.964140e-001
4.744103e+002,8.321064e-001
4.763388e+002,8.676381e-001
4.782673e+002,9.120423e-001
4.801958e+002,9.608273e-001
4.821243e+002,1.014855e+000
4.840528e+002,1.084040e+000
4.859813e+002,1.172027e+000
4.879098e+002,1.270594e+000
4.898383e+002,1.380523e+000
4.917668e+002,1.500943e+000
4.936953e+002,1.633869e+000
4.956238e+002,1.747273e+000
4.975523e+002,1.843049e+000
4.994808e+002,1.897356e+000
5.014093e+002,1.927516e+000
5.033378e+002,1.918873e+000
5.052663e+002,1.885178e+000
5.071948e+002,1.825961e+000
5.091233e+002,1.774041e+000
5.110518e+002,1.721989e+000
5.129803e+002,1.670736e+000
5.149088e+002,1.613012e+000
5.168373e+002,1.548881e+000
5.187657e+002,1.477459e+000
5.206943e+002,1.408517e+000
5.226227e+002,1.321201e+000
5.245513e+002,1.226227e+000
5.264797e+002,1.122812e+000
5.284083e+002,1.022508e+000
5.303367e+002,9.218603e-001
5.322653e+002,8.296989e-001
5.341937e+002,7.504681e-001
5.361223e+002,6.869738e-001
5.380507e+002,6.365393e-001
5.399792e+002,6.012577e-001
5.419077e+002,5.787843e-001
5.438362e+002,5.701687e-001
5.457647e+002,5.762848e-001
5.476932e+002,6.048963e-001
5.496217e+002,6.690049e-001
5.515502e+002,7.873539e-001
5.534787e+002,9.082972e-001
5.554072e+002,8.463639e-001
5.573357e+002,6.455863e-001
5.592642e+002,4.975526e-001
5.611927e+002,4.208413e-001
5.631212e+002,3.859518e-001
5.650497e+002,3.696943e-001
5.669782e+002,3.633266e-001
5.689067e+002,3.631943e-001
5.708352e+002,3.669443e-001
5.727637e+002,3.717431e-001
5.746922e+002,3.777199e-001
5.766207e+002,3.858981e-001
5.785492e+002,3.940764e-001
5.804777e+002,4.031749e-001
5.824062e+002,4.147684e-001
5.843347e+002,4.260512e-001
5.862632e+002,4.393433e-001
5.881917e+002,4.518510e-001
5.901202e+002,4.650150e-001
5.920486e+002,4.805994e-001
5.939772e+002,4.983658e-001
5.959056e+002,5.168896e-001
5.978342e+002,5.364868e-001
5.997626e+002,5.572072e-001
6.016912e+002,5.822169e-001
6.036196e+002,6.090744e-001
6.055482e+002,6.400196e-001
6.074766e+002,6.745365e-001
6.094052e+002,7.146789e-001
6.113336e+002,7.583123e-001
6.132621e+002,8.070950e-001
6.151906e+002,8.598199e-001
6.171191e+002,9.220654e-001
6.190476e+002,9.917340e-001
6.209761e+002,1.070205e+000
6.229046e+002,1.142505e+000
6.248331e+002,1.182868e+000
6.267616e+002,1.168481e+000
6.286901e+002,1.133351e+000
6.306186e+002,1.119367e+000
6.325471e+002,1.157469e+000
6.344756e+002,1.230830e+000
6.364041e+002,1.308511e+000
6.383326e+002,1.325320e+000
6.402611e+002,1.264946e+000
6.421896e+002,1.131811e+000
6.441181e+002,9.751040e-001
6.460466e+002,8.205956e-001
6.479750e+002,6.916189e-001
6.499036e+002,5.894692e-001
6.518320e+002,5.151635e-001
6.537606e+002,4.605867e-001
6.556890e+002,4.230650e-001
6.576176e+002,3.966470e-001
6.595460e+002,3.792388e-001
6.614745e+002,3.668072e-001
6.634030e+002,3.584766e-001
6.653315e+002,3.459486e-001
6.672600e+002,3.393400e-001
6.691885e+002,3.494743e-001
6.711170e+002,3.492683e-001
6.730455e+002,3.496583e-001
6.749740e+002,3.520941e-001
6.769025e+002,3.549435e-001
6.788310e+002,3.578967e-001
6.807595e+002,3.615387e-001
6.826880e+002,3.653241e-001
6.846165e+002,3.694183e-001
6.865450e+002,3.736795e-001
6.884735e+002,3.788130e-001
6.904020e+002,3.845361e-001
6.923305e+002,3.896723e-001
6.942590e+002,3.945303e-001
6.961875e+002,3.996663e-001
6.981160e+002,4.049713e-001
7.000445e+002,4.101161e-001
7.019730e+002,4.145947e-001
7.039015e+002,4.188057e-001
7.058300e+002,4.229910e-001
7.077585e+002,4.273142e-001
7.096870e+002,4.316284e-001
7.116155e+002,4.362072e-001
7.135439e+002,4.410590e-001
7.154725e+002,4.467695e-001
7.174009e+002,4.529919e-001
7.193295e+002,4.588360e-001
7.212579e+002,4.632629e-001
7.231865e+002,4.662277e-001
7.251149e+002,4.687901e-001
7.270435e+002,4.718622e-001
7.289719e+002,4.753196e-001
7.309005e+002,4.788009e-001
7.328289e+002,4.823823e-001
7.347574e+002,4.865799e-001
7.366859e+002,4.914086e-001
7.386144e+002,4.961576e-001
7.405429e+002,5.000920e-001
7.424714e+002,5.038844e-001
7.443999e+002,5.076702e-001
7.463284e+002,5.114090e-001
7.482569e+002,5.144317e-001
7.501854e+002,5.178379e-001
7.521139e+002,5.217704e-001
7.540424e+002,5.258513e-001
7.559709e+002,5.297990e-001
7.578994e+002,5.340767e-001
7.598279e+002,5.379613e-001
7.617564e+002,5.415573e-001
7.636849e+002,5.451992e-001
7.656134e+002,5.487986e-001
7.675419e+002,5.523276e-001
7.694704e+002,5.559875e-001
7.713989e+002,5.596653e-001
7.733274e+002,5.632725e-001
7.752559e+002,5.665400e-001
7.771844e+002,5.699562e-001
7.791129e+002,5.734986e-001
7.810414e+002,5.772510e-001
7.829698e+002,5.806800e-001
7.848984e+002,5.841903e-001
7.868268e+002,5.878072e-001
7.887554e+002,5.915507e-001
7.906838e+002,5.952113e-001
7.926124e+002,5.986157e-001
7.945408e+002,6.019003e-001
7.964694e+002,6.055046e-001
7.983978e+002,6.092094e-001
8.003264e+002,6.132544e-001
8.022548e+002,6.167639e-001
8.041833e+002,6.200512e-001
8.061118e+002,6.234030e-001
8.080403e+002,6.264926e-001
8.099688e+002,6.290127e-001
8.118973e+002,6.318015e-001
8.138258e+002,6.348909e-001
8.157543e+002,6.382344e-001
8.176828e+002,6.412255e-001
8.196113e+002,6.442145e-001
8.215398e+002,6.476640e-001
8.234683e+002,6.514630e-001
8.253968e+002,6.547600e-001
8.273253e+002,6.581417e-001
8.292538e+002,6.613236e-001
8.311823e+002,6.650469e-001
8.331108e+002,6.686475e-001
8.350393e+002,6.723287e-001
8.369678e+002,6.761693e-001
8.388963e+002,6.795726e-001
8.408248e+002,6.829369e-001
8.427533e+002,6.867688e-001
8.446818e+002,6.902026e-001
8.466103e+002,6.935710e-001
8.485388e+002,6.968891e-001
8.504673e+002,7.006624e-001
8.523958e+002,7.047623e-001
8.543243e+002,7.086486e-001
8.562527e+002,7.123117e-001
8.581813e+002,7.159908e-001
8.601097e+002,7.197509e-001
8.620383e+002,7.237548e-001
8.639667e+002,7.275516e-001
8.658953e+002,7.314056e-001
8.678237e+002,7.349657e-001
8.697523e+002,7.387856e-001
8.716807e+002,7.425003e-001
8.736093e+002,7.469776e-001
8.755377e+002,7.504660e-001
8.774662e+002,7.535255e-001
8.793947e+002,7.572073e-001
8.813232e+002,7.609121e-001
8.832517e+002,7.640083e-001
8.851802e+002,7.675864e-001
8.871087e+002,7.711796e-001
8.890372e+002,7.751635e-001
8.909657e+002,7.790128e-001
8.928942e+002,7.827944e-001
8.948227e+002,7.861971e-001
8.967512e+002,7.901812e-001
8.986797e+002,7.942200e-001
9.006082e+002,7.978303e-001
9.025367e+002,8.016348e-001
9.044651e+002,8.063743e-001
9.063937e+002,8.106585e-001
9.083221e+002,8.150048e-001
9.102507e+002,8.186255e-001
9.121791e+002,8.220463e-001
9.141077e+002,8.258232e-001
9.160361e+002,8.297141e-001
9.179647e+002,8.333674e-001
9.198931e+002,8.372694e-001
9.218217e+002,8.410724e-001
9.237501e+002,8.447425e-001
9.256786e+002,8.477414e-001
9.276071e+002,8.521916e-001
9.295356e+002,8.565725e-001
9.314641e+002,8.608887e-001
9.333926e+002,8.648555e-001
9.353211e+002,8.686269e-001
9.372496e+002,8.716673e-001
9.391781e+002,8.750340e-001
9.411066e+002,8.777187e-001
9.430351e+002,8.805253e-001
9.449636e+002,8.841565e-001
9.468921e+002,8.884874e-001
9.488206e+002,8.920100e-001
9.507491e+002,8.952552e-001
9.526776e+002,8.982768e-001
9.546061e+002,9.023386e-001
9.565346e+002,9.061176e-001
9.584631e+002,9.099949e-001
9.603916e+002,9.136046e-001
9.623201e+002,9.175348e-001
9.642486e+002,9.209451e-001
9.661771e+002,9.245734e-001
9.681056e+002,9.280956e-001
9.700341e+002,9.322501e-001
9.719626e+002,9.368442e-001
9.738911e+002,9.410276e-001
9.758196e+002,9.443432e-001
9.777480e+002,9.486639e-001
9.796766e+002,9.524469e-001
9.816050e+002,9.569816e-001
9.835336e+002,9.611724e-001
9.854620e+002,9.652784e-001
9.873906e+002,9.691570e-001
9.893190e+002,9.740931e-001
9.912476e+002,9.781437e-001
9.931760e+002,9.819998e-001
9.951046e+002,9.859484e-001
9.970330e+002,9.905215e-001
9.989615e+002,9.944022e-001
1.000890e+003,9.991243e-001
1.002819e+003,1.003467e+000
1.004747e+003,1.009412e+000
1.006676e+003,1.015095e+000
1.008604e+003,1.021290e+000
1.010533e+003,1.026172e+000
1.012461e+003,1.031463e+000
1.014390e+003,1.036899e+000
1.016318e+003,1.041818e+000
1.018247e+003,1.045691e+000
1.020175e+003,1.050517e+000
1.022104e+003,1.054401e+000
1.024032e+003,1.058623e+000
1.025960e+003,1.062996e+000
1.027889e+003,1.068359e+000
1.029818e+003,1.072834e+000
1.031746e+003,1.077796e+000
1.033674e+003,1.081021e+000
1.035603e+003,1.084959e+000
1.037531e+003,1.090200e+000
1.039460e+003,1.095702e+000
1.041388e+003,1.100878e+000
1.043317e+003,1.107021e+000
1.045245e+003,1.111477e+000
1.047174e+003,1.117663e+000
1.049102e+003,1.123496e+000
1.051031e+003,1.129179e+000
1.052959e+003,1.134281e+000
1.054888e+003,1.140357e+000
1.056816e+003,1.145208e+000
1.058745e+003,1.151717e+000
1.060673e+003,1.157557e+000
1.062602e+003,1.163290e+000
1.064530e+003,1.169030e+000
1.066459e+003,1.177159e+000
1.068387e+003,1.184058e+000
1.070316e+003,1.191403e+000
1.072244e+003,1.197765e+000
1.074173e+003,1.205114e+000
1.076101e+003,1.211825e+000
1.078030e+003,1.221018e+000
1.079958e+003,1.229016e+000
1.081887e+003,1.237321e+000
1.083815e+003,1.245164e+000
1.085744e+003,1.254141e+000
1.087672e+003,1.261380e+000
1.089601e+003,1.270813e+000
1.091529e+003,1.281294e+000
1.093458e+003,1.292549e+000
1.095386e+003,1.302386e+000
1.097315e+003,1.314692e+000
1.099243e+003,1.326212e+000
1.101172e+003,1.338945e+000
1.103100e+003,1.350753e+000
1.105029e+003,1.365100e+000
1.106957e+003,1.379441e+000
1.108886e+003,1.395436e+000
1.110814e+003,1.408810e+000
1.112743e+003,1.424453e+000
1.114671e+003,1.437644e+000
1.116600e+003,1.456847e+000
1.118528e+003,1.476547e+000
1.120457e+003,1.499964e+000
1.122385e+003,1.523311e+000
1.124314e+003,1.551269e+000
1.126242e+003,1.576939e+000
1.128171e+003,1.609613e+000
1.130099e+003,1.647577e+000
1.132028e+003,1.690526e+000
1.133956e+003,1.733397e+000
1.135885e+003,1.792109e+000
1.137813e+003,1.855044e+000
1.139742e+003,1.926349e+000
1.141670e+003,1.991698e+000
1.143599e+003,2.064828e+000
1.145527e+003,2.118235e+000
1.147456e+003,2.160224e+000
1.149384e+003,2.179482e+000
1.151313e+003,2.207896e+000
1.153241e+003,2.193897e+000
1.155170e+003,2.167915e+000
1.157098e+003,2.132393e+000
1.159027e+003,2.112204e+000
1.160955e+003,2.063506e+000
1.162884e+003,2.010582e+000
1.164812e+003,1.947117e+000
1.166741e+003,1.890627e+000
1.168669e+003,1.818590e+000
1.170598e+003,1.743265e+000
1.172526e+003,1.664259e+000
1.174455e+003,1.592649e+000
1.176383e+003,1.542317e+000
1.178312e+003,1.539557e+000
1.180240e+003,1.571791e+000
1.182169e+003,1.629710e+000
1.184097e+003,1.692505e+000
1.186026e+003,1.760618e+000
1.187954e+003,1.824668e+000
1.189883e+003,1.891647e+000
1.191811e+003,1.949063e+000
1.193740e+003,2.015397e+000
1.195668e+003,2.063597e+000
1.197597e+003,2.098438e+000
1.199525e+003,2.123000e+000
1.201454e+003,2.164800e+000
1.203382e+003,2.177097e+000
1.205311e+003,2.186143e+000
1.207239e+003,2.179961e+000
1.209168e+003,2.185596e+000
1.211096e+003,2.169466e+000
1.213025e+003,2.179289e+000
1.214953e+003,2.170375e+000
1.216882e+003,2.169192e+000
1.218810e+003,2.157095e+000
1.220739e+003,2.156839e+000
1.222667e+003,2.141808e+000
1.224596e+003,2.144417e+000
1.226524e+003,2.129948e+000
1.228453e+003,2.121231e+000
1.230381e+003,2.111988e+000
1.232310e+003,2.106160e+000
1.234238e+003,2.081067e+000
1.236167e+003,2.073376e+000
1.238095e+003,2.045120e+000
1.240024e+003,2.016470e+000
1.241952e+003,1.971104e+000
1.243881e+003,1.926967e+000
1.245809e+003,1.862071e+000
1.247738e+003,1.797195e+000
1.249666e+003,1.712432e+000
1.251595e+003,1.620036e+000
1.253523e+003,1.509836e+000
1.255452e+003,1.382970e+000
1.257380e+003,1.227338e+000
1.259309e+003,1.045888e+000
1.261237e+003,8.530112e-001
1.263166e+003,6.781966e-001
1.265094e+003,5.329430e-001
1.267023e+003,4.187012e-001
1.268951e+003,3.303112e-001
1.270880e+003,2.608478e-001
1.272808e+003,2.068680e-001
1.274737e+003,1.652389e-001
1.276665e+003,1.346779e-001
1.278594e+003,1.129273e-001
1.280522e+003,9.884474e-002
1.282451e+003,8.997803e-002
1.284379e+003,8.598246e-002
1.286308e+003,8.502196e-002
1.288236e+003,8.707513e-002
1.290165e+003,9.085975e-002
1.292093e+003,9.803209e-002
1.294022e+003,1.083419e-001
1.295950e+003,1.216654e-001
1.297879e+003,1.347130e-001
1.299807e+003,1.449892e-001
1.301736e+003,1.476460e-001
1.303664e+003,1.393462e-001
1.305593e+003,1.221119e-001
1.307521e+003,1.068773e-001
1.309450e+003,9.857063e-002
1.311378e+003,9.750348e-002
1.313307e+003,1.013960e-001
1.315235e+003,1.085479e-001
1.317164e+003,1.164390e-001
1.319092e+003,1.269576e-001
1.321021e+003,1.380665e-001
1.322949e+003,1.491480e-001
1.324878e+003,1.597678e-001
1.326806e+003,1.707624e-001
1.328734e+003,1.813648e-001
1.330663e+003,1.925386e-001
1.332592e+003,2.029902e-001
1.334520e+003,2.130779e-001
1.336448e+003,2.222929e-001
1.338377e+003,2.325966e-001
1.340306e+003,2.452776e-001
1.342234e+003,2.578666e-001
1.344162e+003,2.684474e-001
1.346091e+003,2.792544e-001
1.348020e+003,2.895092e-001
1.349948e+003,3.004188e-001
1.351876e+003,3.102816e-001
1.353805e+003,3.202120e-001
1.355734e+003,3.302507e-001
1.357662e+003,3.396867e-001
1.359590e+003,3.469430e-001
1.361519e+003,3.551214e-001
1.363448e+003,3.667327e-001
1.365376e+003,3.770408e-001
1.367304e+003,3.846833e-001
1.369233e+003,3.938576e-001
1.371161e+003,4.007318e-001
1.373090e+003,4.076965e-001
1.375018e+003,4.180231e-001
1.376947e+003,4.272687e-001
1.378875e+003,4.351695e-001
1.380804e+003,4.431868e-001
1.382732e+003,4.502160e-001
1.384661e+003,4.557304e-001
1.386589e+003,4.623810e-001
1.388518e+003,4.725644e-001
1.390446e+003,4.791146e-001
1.392375e+003,4.838517e-001
1.394303e+003,4.904704e-001
1.396232e+003,4.987645e-001
1.398160e+003,5.055962e-001
1.400089e+003,5.160177e-001
1.402017e+003,5.223231e-001
1.403946e+003,5.283297e-001
1.405874e+003,5.364770e-001
1.407803e+003,5.435995e-001
1.409731e+003,5.489262e-001
1.411660e+003,5.543885e-001
1.413588e+003,5.585127e-001
1.415517e+003,5.603218e-001
1.417445e+003,5.613584e-001
1.419374e+003,5.700656e-001
1.421302e+003,5.753582e-001
1.423231e+003,5.781765e-001
1.425159e+003,5.837731e-001
1.427088e+003,5.874457e-001
1.429016e+003,5.910065e-001
1.430945e+003,5.966641e-001
1.432873e+003,5.994648e-001
1.434802e+003,6.006067e-001
1.436730e+003,6.085445e-001
1.438659e+003,6.153066e-001
1.440587e+003,6.185037e-001
1.442516e+003,6.229761e-001
1.444444e+003,6.265354e-001
1.446373e+003,6.294276e-001
1.448301e+003,6.348959e-001
1.450230e+003,6.391971e-001
1.452158e+003,6.409276e-001
1.454087e+003,6.402727e-001
1.456015e+003,6.410894e-001
1.457944e+003,6.497245e-001
1.459872e+003,6.544408e-001
1.461801e+003,6.562398e-001
1.463729e+003,6.573541e-001
1.465658e+003,6.624501e-001
1.467586e+003,6.644143e-001
1.469515e+003,6.627765e-001
1.471443e+003,6.606169e-001
1.473372e+003,6.638798e-001
1.475300e+003,6.660705e-001
1.477229e+003,6.695862e-001
1.479157e+003,6.709727e-001
1.481086e+003,6.728300e-001
1.483014e+003,6.750818e-001
1.484943e+003,6.752332e-001
1.486871e+003,6.740583e-001
1.488800e+003,6.750790e-001
1.490728e+003,6.806251e-001
1.492657e+003,6.842086e-001
1.494585e+003,6.837508e-001
1.496514e+003,6.859360e-001
1.498442e+003,6.901061e-001
1.500371e+003,6.938829e-001
1.502299e+003,6.946709e-001
1.504228e+003,6.927502e-001
1.506156e+003,6.931684e-001
1.508085e+003,7.011920e-001
1.510013e+003,7.048384e-001
1.511942e+003,7.086655e-001
1.513870e+003,7.095108e-001
1.515799e+003,7.099167e-001
1.517727e+003,7.132467e-001
1.519656e+003,7.145485e-001
1.521584e+003,7.189187e-001
1.523513e+003,7.237412e-001
1.525441e+003,7.266198e-001
1.527370e+003,7.316378e-001
1.529298e+003,7.350978e-001
1.531227e+003,7.355397e-001
1.533155e+003,7.383283e-001
1.535084e+003,7.447132e-001
1.537012e+003,7.433131e-001
1.538941e+003,7.429469e-001
1.540869e+003,7.498357e-001
1.542798e+003,7.540649e-001
1.544726e+003,7.578922e-001
1.546655e+003,7.615687e-001
1.548583e+003,7.608043e-001
1.550512e+003,7.614786e-001
1.552440e+003,7.607929e-001
1.554369e+003,7.589953e-001
1.556297e+003,7.551360e-001
1.558226e+003,7.555791e-001
1.560154e+003,7.658555e-001
1.562083e+003,7.660418e-001
1.564011e+003,7.656608e-001
1.565940e+003,7.676657e-001
1.567868e+003,7.677109e-001
1.569797e+003,7.713083e-001
1.571725e+003,7.745001e-001
1.573654e+003,7.731586e-001
1.575582e+003,7.741140e-001
1.577511e+003,7.796866e-001
1.579439e+003,7.816087e-001
1.581368e+003,7.829917e-001
1.583296e+003,7.839745e-001
1.585225e+003,7.855091e-001
1.587153e+003,7.862909e-001
1.589082e+003,7.871940e-001
1.591010e+003,7.884088e-001
1.592939e+003,7.902208e-001
1.594867e+003,7.918800e-001
1.596796e+003,7.937207e-001
1.598724e+003,7.942973e-001
1.600653e+003,7.945126e-001
1.602581e+003,7.954110e-001
1.604510e+003,7.973009e-001
1.606438e+003,7.982736e-001
1.608367e+003,8.001608e-001
1.610295e+003,8.024465e-001
1.612224e+003,8.038229e-001
1.614152e+003,8.029246e-001
1.616081e+003,8.048382e-001
1.618009e+003,8.100680e-001
1.619938e+003,8.113117e-001
1.621866e+003,8.100145e-001
1.623795e+003,8.119266e-001
1.625723e+003,8.143976e-001
1.627652e+003,8.154915e-001
1.629580e+003,8.177823e-001
1.631509e+003,8.183479e-001
1.633437e+003,8.162769e-001
1.635366e+003,8.169563e-001
1.637294e+003,8.211259e-001
1.639223e+003,8.233937e-001
1.641151e+003,8.244706e-001
1.643080e+003,8.238247e-001
1.645008e+003,8.223807e-001
1.646937e+003,8.238183e-001
1.648865e+003,8.262044e-001
1.650794e+003,8.255817e-001
1.652722e+003,8.290412e-001
1.654651e+003,8.340243e-001
1.656579e+003,8.344092e-001
1.658508e+003,8.352997e-001
1.660436e+003,8.346533e-001
1.662365e+003,8.352292e-001
1.664293e+003,8.376237e-001
1.666222e+003,8.372441e-001
1.668150e+003,8.354852e-001
1.670078e+003,8.368630e-001
1.672007e+003,8.385853e-001
1.673936e+003,8.389881e-001
1.675864e+003,8.418236e-001
1.677792e+003,8.423636e-001
1.679721e+003,8.404514e-001
1.681650e+003,8.383131e-001
1.683578e+003,8.381903e-001
1.685506e+003,8.449853e-001
1.687435e+003,8.454586e-001
1.689364e+003,8.465505e-001
1.691292e+003,8.487845e-001
1.693220e+003,8.482791e-001
1.695149e+003,8.470671e-001
1.697078e+003,8.476660e-001
1.699006e+003,8.477178e-001
1.700934e+003,8.540772e-001
1.702863e+003,8.546402e-001
1.704792e+003,8.545731e-001
1.706720e+003,8.581977e-001
1.708648e+003,8.610764e-001
1.710577e+003,8.620142e-001
1.712505e+003,8.617681e-001
1.714434e+003,8.598337e-001
1.716362e+003,8.597276e-001
1.718291e+003,8.640196e-001
1.720219e+003,8.677652e-001
1.722148e+003,8.682404e-001
1.724076e+003,8.705090e-001
1.726005e+003,8.731251e-001
1.727933e+003,8.732254e-001
1.729862e+003,8.715916e-001
1.731790e+003,8.711182e-001
1.733719e+003,8.732831e-001
1.735647e+003,8.786920e-001
1.737576e+003,8.787805e-001
1.739504e+003,8.788953e-001
1.741433e+003,8.785931e-001
1.743361e+003,8.769963e-001
1.745290e+003,8.747005e-001
1.747218e+003,8.713193e-001
1.749147e+003,8.694443e-001
1.751075e+003,8.708230e-001
1.753004e+003,8.719392e-001
1.754932e+003,8.708868e-001
1.756861e+003,8.701306e-001
1.758789e+003,8.706570e-001
1.760718e+003,8.699604e-001
1.762646e+003,8.717909e-001
1.764575e+003,8.732644e-001
1.766503e+003,8.728286e-001
1.768432e+003,8.729295e-001
1.770360e+003,8.726732e-001
1.772289e+003,8.742243e-001
1.774217e+003,8.775111e-001
1.776146e+003,8.786319e-001
1.778074e+003,8.798202e-001
1.780003e+003,8.808780e-001
1.781931e+003,8.834536e-001
1.783860e+003,8.849551e-001
1.785788e+003,8.869018e-001
1.787717e+003,8.878195e-001
1.789645e+003,8.868106e-001
1.791574e+003,8.863704e-001
1.793502e+003,8.888335e-001
1.795431e+003,8.892313e-001
1.797359e+003,8.892479e-001
1.799288e+003,8.886803e-001
1.801216e+003,8.891040e-001
1.803145e+003,8.899505e-001
1.805073e+003,8.900419e-001
1.807002e+003,8.892155e-001
1.808930e+003,8.890253e-001
1.810859e+003,8.890627e-001
1.812787e+003,8.901869e-001
1.814716e+003,8.907934e-001
1.816644e+003,8.909484e-001
1.818573e+003,8.913618e-001
1.820501e+003,8.918356e-001
1.822430e+003,8.916196e-001
1.824358e+003,8.908387e-001
1.826287e+003,8.912188e-001
1.828215e+003,8.905181e-001
1.830144e+003,8.914279e-001
1.832072e+003,8.940333e-001
1.834001e+003,8.943790e-001
1.835929e+003,8.949401e-001
1.837858e+003,8.955620e-001
1.839786e+003,8.964766e-001
1.841715e+003,8.956594e-001
1.843643e+003,8.958480e-001
1.845572e+003,8.980559e-001
1.847500e+003,8.990836e-001
1.849429e+003,9.003027e-001
1.851357e+003,9.018103e-001
1.853286e+003,9.028680e-001
1.855214e+003,9.036750e-001
1.857143e+003,9.038094e-001
1.859071e+003,9.041496e-001
1.861000e+003,9.047138e-001
1.862928e+003,9.053260e-001
1.864857e+003,9.047606e-001
1.866785e+003,9.031554e-001
1.868714e+003,9.032792e-001
1.870642e+003,9.063562e-001
1.872571e+003,9.080921e-001
1.874499e+003,9.093645e-001
1.876428e+003,9.101173e-001
1.878356e+003,9.112724e-001
1.880285e+003,9.121157e-001
1.882213e+003,9.127153e-001
1.884142e+003,9.132289e-001
1.886070e+003,9.136171e-001
1.887999e+003,9.126066e-001
1.889927e+003,9.124493e-001
1.891856e+003,9.137936e-001
1.893784e+003,9.137708e-001
1.895713e+003,9.137294e-001
1.897641e+003,9.148630e-001
1.899570e+003,9.147879e-001
1.901498e+003,9.141312e-001
1.903427e+003,9.142358e-001
1.905355e+003,9.146676e-001
1.907284e+003,9.145705e-001
1.909212e+003,9.147933e-001
1.911141e+003,9.155246e-001
1.913069e+003,9.162215e-001
1.914998e+003,9.166976e-001
1.916926e+003,9.166203e-001
1.918855e+003,9.173353e-001
1.920783e+003,9.179490e-001
1.922712e+003,9.182390e-001
1.924640e+003,9.201072e-001
1.926569e+003,9.209189e-001
1.928497e+003,9.213989e-001
1.930426e+003,9.218783e-001
1.932354e+003,9.227742e-001
1.934283e+003,9.236217e-001
1.936211e+003,9.242222e-001
1.938140e+003,9.242278e-001
1.940068e+003,9.238169e-001
1.941997e+003,9.230381e-001
1.943925e+003,9.237644e-001
1.945854e+003,9.243028e-001
1.947782e+003,9.247658e-001
1.949711e+003,9.249784e-001
1.951639e+003,9.253726e-001
1.953568e+003,9.256759e-001
1.955496e+003,9.263273e-001
1.957425e+003,9.267164e-001
1.959353e+003,9.271101e-001
1.961282e+003,9.272533e-001
1.963210e+003,9.275560e-001
1.965139e+003,9.274691e-001
1.967067e+003,9.275032e-001
1.968996e+003,9.281350e-001
1.970924e+003,9.286890e-001
1.972853e+003,9.294708e-001
1.974781e+003,9.308721e-001
1.976710e+003,9.312328e-001
1.978638e+003,9.310953e-001
1.980567e+003,9.311956e-001
1.982495e+003,9.312643e-001
1.984424e+003,9.314138e-001
1.986352e+003,9.313565e-001
1.988281e+003,9.307618e-001
1.990209e+003,9.305310e-001
1.992138e+003,9.306304e-001
1.994066e+003,9.310798e-001
1.995995e+003,9.311722e-001
1.997923e+003,9.311500e-001
1.999852e+003,9.308851e-001
2.001780e+003,9.319690e-001
2.003708e+003,9.330429e-001
2.005637e+003,9.333091e-001
2.007566e+003,9.335955e-001
2.009494e+003,9.344244e-001
2.011422e+003,9.346151e-001
2.013351e+003,9.346073e-001
2.015280e+003,9.349046e-001
2.017208e+003,9.356048e-001
2.019136e+003,9.359560e-001
2.021065e+003,9.367440e-001
2.022994e+003,9.373839e-001
2.024922e+003,9.381026e-001
2.026850e+003,9.381672e-001
2.028779e+003,9.385067e-001
2.030708e+003,9.392313e-001
2.032636e+003,9.393655e-001
2.034564e+003,9.396007e-001
2.036493e+003,9.402601e-001
2.038422e+003,9.405773e-001
2.040350e+003,9.409784e-001
2.042278e+003,9.416239e-001
2.044207e+003,9.422640e-001
2.046135e+003,9.424004e-001
2.048064e+003,9.428248e-001
2.049992e+003,9.431234e-001
2.051921e+003,9.436880e-001
2.053849e+003,9.443499e-001
2.055778e+003,9.450320e-001
2.057707e+003,9.453805e-001
2.059635e+003,9.454259e-001
2.061563e+003,9.459983e-001
2.063492e+003,9.470314e-001
2.065420e+003,9.474559e-001
2.067349e+003,9.482766e-001
2.069277e+003,9.487386e-001
2.071206e+003,9.491227e-001
2.073135e+003,9.493064e-001
2.075063e+003,9.495010e-001
2.076991e+003,9.497964e-001
2.078920e+003,9.504297e-001
2.080848e+003,9.509983e-001
2.082777e+003,9.512625e-001
2.084705e+003,9.516013e-001
2.086634e+003,9.522921e-001
2.088563e+003,9.526387e-001
2.090491e+003,9.530748e-001
2.092419e+003,9.531455e-001
2.094348e+003,9.537215e-001
2.096276e+003,9.542806e-001
2.098205e+003,9.545967e-001
2.100133e+003,9.548702e-001
2.102062e+003,9.551071e-001
2.103990e+003,9.553673e-001
2.105919e+003,9.558854e-001
2.107847e+003,9.560577e-001
2.109776e+003,9.563838e-001
2.111704e+003,9.567124e-001
2.113633e+003,9.574353e-001
2.115561e+003,9.577525e-001
2.117490e+003,9.582923e-001
2.119418e+003,9.586012e-001
2.121347e+003,9.588662e-001
2.123275e+003,9.590374e-001
2.125204e+003,9.598510e-001
2.127132e+003,9.607262e-001
2.129061e+003,9.607421e-001
2.130989e+003,9.608834e-001
2.132918e+003,9.614840e-001
2.134846e+003,9.614595e-001
2.136775e+003,9.619300e-001
2.138703e+003,9.627109e-001
2.140632e+003,9.630018e-001
2.142560e+003,9.627712e-001
2.144489e+003,9.630805e-001
2.146417e+003,9.637966e-001
2.148346e+003,9.641685e-001
2.150274e+003,9.648747e-001
2.152203e+003,9.655529e-001
2.154131e+003,9.653420e-001
2.156060e+003,9.655290e-001
2.157988e+003,9.661327e-001
2.159917e+003,9.667672e-001
2.161845e+003,9.675560e-001
2.163774e+003,9.681005e-001
2.165702e+003,9.676672e-001
2.167631e+003,9.676543e-001
2.169559e+003,9.684159e-001
2.171488e+003,9.695070e-001
2.173416e+003,9.701618e-001
2.175345e+003,9.708513e-001
2.177273e+003,9.707614e-001
2.179202e+003,9.708247e-001
2.181130e+003,9.714724e-001
2.183059e+003,9.719992e-001
2.184987e+003,9.718426e-001
2.186916e+003,9.721794e-001
2.188844e+003,9.730724e-001
2.190773e+003,9.737760e-001
2.192701e+003,9.741483e-001
2.194630e+003,9.747453e-001
2.196558e+003,9.750220e-001
2.198487e+003,9.756001e-001
2.200415e+003,9.760598e-001
2.202344e+003,9.762947e-001
2.204272e+003,9.760429e-001
2.206201e+003,9.765877e-001
2.208129e+003,9.769948e-001
2.210058e+003,9.775595e-001
2.211986e+003,9.780827e-001
2.213915e+003,9.783687e-001
2.215843e+003,9.785465e-001
2.217772e+003,9.789737e-001
2.219700e+003,9.796609e-001
2.221629e+003,9.807828e-001
2.223557e+003,9.810694e-001
2.225486e+003,9.809210e-001
2.227414e+003,9.811112e-001
2.229343e+003,9.813166e-001
2.231271e+003,9.815537e-001
2.233200e+003,9.822607e-001
2.235128e+003,9.827127e-001
2.237057e+003,9.832419e-001
2.238985e+003,9.832242e-001
2.240914e+003,9.837717e-001
2.242842e+003,9.844839e-001
2.244771e+003,9.850258e-001
2.246699e+003,9.853343e-001
2.248628e+003,9.858376e-001
2.250556e+003,9.860820e-001
2.252485e+003,9.866914e-001
2.254413e+003,9.873066e-001
2.256342e+003,9.876035e-001
2.258270e+003,9.881672e-001
2.260199e+003,9.891921e-001
2.262127e+003,9.898396e-001
2.264056e+003,9.903811e-001
2.265984e+003,9.906092e-001
2.267913e+003,9.912565e-001
2.269841e+003,9.921127e-001
2.271770e+003,9.933333e-001
2.273698e+003,9.940401e-001
2.275627e+003,9.947116e-001
2.277555e+003,9.957167e-001
2.279484e+003,9.968074e-001
2.281412e+003,9.978887e-001
2.283341e+003,9.994265e-001
2.285269e+003,1.000577e+000
2.287198e+003,1.001136e+000
2.289126e+003,1.001753e+000
2.291055e+003,1.003102e+000
2.292983e+003,1.004122e+000
2.294912e+003,1.004320e+000
2.296840e+003,1.004834e+000
2.298769e+003,1.005647e+000
2.300697e+003,1.005950e+000
2.302625e+003,1.006507e+000
2.304554e+003,1.006840e+000
2.306483e+003,1.007028e+000
2.308411e+003,1.007472e+000
2.310340e+003,1.007777e+000
2.312268e+003,1.008069e+000
2.314197e+003,1.008012e+000
2.316125e+003,1.007877e+000
2.318053e+003,1.007802e+000
2.319982e+003,1.008365e+000
2.321911e+003,1.009875e+000
2.323839e+003,1.011081e+000
2.325768e+003,1.011791e+000
2.327696e+003,1.012646e+000
2.329625e+003,1.013449e+000
2.331553e+003,1.013831e+000
2.333481e+003,1.015146e+000
2.335410e+003,1.016111e+000
2.337339e+003,1.016939e+000
2.339267e+003,1.018267e+000
2.341196e+003,1.019346e+000
2.343124e+003,1.020432e+000
2.345052e+003,1.022247e+000
2.346981e+003,1.024992e+000
2.348909e+003,1.026426e+000
2.350838e+003,1.026131e+000
2.352767e+003,1.027813e+000
2.354695e+003,1.030147e+000
2.356624e+003,1.031656e+000
2.358552e+003,1.032507e+000
2.360480e+003,1.033661e+000
2.362409e+003,1.034500e+000
2.364337e+003,1.035935e+000
2.366266e+003,1.035666e+000
2.368195e+003,1.034886e+000
2.370123e+003,1.033702e+000
2.372052e+003,1.032686e+000
2.373980e+003,1.031810e+000
2.375908e+003,1.031070e+000
2.377837e+003,1.030026e+000
2.379765e+003,1.029765e+000
2.381694e+003,1.029329e+000
2.383622e+003,1.028765e+000
2.385551e+003,1.028052e+000
2.387479e+003,1.027117e+000
2.389408e+003,1.026036e+000
2.391336e+003,1.025175e+000
2.393265e+003,1.024833e+000
2.395193e+003,1.024270e+000
2.397122e+003,1.023359e+000
2.399050e+003,1.022820e+000
2.400979e+003,1.022602e+000
2.402907e+003,1.022429e+000
2.404836e+003,1.022091e+000
2.406764e+003,1.021860e+000
2.408693e+003,1.021155e+000
2.410621e+003,1.021116e+000
2.412550e+003,1.020488e+000
2.414478e+003,1.020080e+000
2.416407e+003,1.020309e+000
2.418335e+003,1.020705e+000
2.420264e+003,1.020555e+000
2.422192e+003,1.020603e+000
2.424121e+003,1.020410e+000
2.426049e+003,1.020753e+000
2.427978e+003,1.020732e+000
2.429906e+003,1.020404e+000
2.431835e+003,1.020772e+000
2.433763e+003,1.020740e+000
2.435692e+003,1.020183e+000
2.437620e+003,1.020545e+000
2.439549e+003,1.020603e+000
2.441477e+003,1.020668e+000
2.443406e+003,1.020762e+000
2.445334e+003,1.020735e+000
2.447263e+003,1.021063e+000
2.449191e+003,1.020837e+000
2.451120e+003,1.020359e+000
2.453048e+003,1.020062e+000
2.454977e+003,1.020029e+000
2.456905e+003,1.020051e+000
2.458834e+003,1.020074e+000
2.460762e+003,1.019936e+000
2.462691e+003,1.019304e+000
2.464619e+003,1.018810e+000
2.466548e+003,1.018523e+000
2.468476e+003,1.018403e+000
2.470405e+003,1.018304e+000
2.472333e+003,1.018274e+000
2.474262e+003,1.017861e+000
2.476190e+003,1.017225e+000
2.478119e+003,1.016662e+000
2.480047e+003,1.016786e+000
2.481976e+003,1.017204e+000
2.483904e+003,1.017398e+000
2.485833e+003,1.017367e+000
2.487761e+003,1.017284e+000
2.489690e+003,1.016534e+000
2.491618e+003,1.016534e+000
2.493547e+003,1.016732e+000
2.495475e+003,1.017020e+000
2.497404e+003,1.017674e+000
2.499332e+003,1.017985e+000
2.501261e+003,1.017763e+000
2.503189e+003,1.017635e+000
2.505118e+003,1.017910e+000
2.507046e+003,1.018261e+000
2.508975e+003,1.017590e+000
2.510903e+003,1.017398e+000
2.512832e+003,1.018165e+000
2.514760e+003,1.018648e+000
2.516689e+003,1.019323e+000
2.518617e+003,1.020141e+000
2.520546e+003,1.020640e+000
2.522474e+003,1.020917e+000
2.524403e+003,1.020895e+000
2.526331e+003,1.020375e+000
2.528260e+003,1.020489e+000
2.530188e+003,1.021439e+000
2.532117e+003,1.021497e+000
2.534045e+003,1.021542e+000
2.535974e+003,1.022027e+000
2.537902e+003,1.022031e+000
2.539831e+003,1.021812e+000
2.541759e+003,1.021972e+000
2.543688e+003,1.022096e+000
2.545616e+003,1.022341e+000
2.547545e+003,1.022028e+000
2.549473e+003,1.021878e+000
2.551402e+003,1.022169e+000
2.553330e+003,1.022171e+000
2.555259e+003,1.022292e+000
2.557187e+003,1.022524e+000
2.559116e+003,1.022772e+000
2.561044e+003,1.023348e+000
2.562973e+003,1.023318e+000
2.564901e+003,1.023454e+000
2.566830e+003,1.023814e+000
2.568758e+003,1.023734e+000
2.570687e+003,1.023926e+000
2.572615e+003,1.024086e+000
2.574544e+003,1.024243e+000
2.576472e+003,1.024987e+000
2.578401e+003,1.025944e+000
2.580329e+003,1.026267e+000
2.582258e+003,1.025820e+000
2.584186e+003,1.025875e+000
2.586115e+003,1.025681e+000
2.588043e+003,1.026108e+000
2.589972e+003,1.026782e+000
2.591900e+003,1.026859e+000
2.593829e+003,1.026409e+000
2.595757e+003,1.026565e+000
2.597686e+003,1.026830e+000
2.599614e+003,1.026853e+000
2.601543e+003,1.027139e+000
2.603471e+003,1.027263e+000
2.605400e+003,1.027397e+000
2.607328e+003,1.027959e+000
2.609257e+003,1.027754e+000
2.611185e+003,1.027178e+000
2.613114e+003,1.026775e+000
2.615042e+003,1.027363e+000
2.616971e+003,1.027941e+000
2.618899e+003,1.027606e+000
2.620828e+003,1.027730e+000
2.622756e+003,1.028356e+000
2.624685e+003,1.028838e+000
2.626613e+003,1.028740e+000
2.628542e+003,1.028061e+000
2.630470e+003,1.027729e+000
2.632398e+003,1.027888e+000
2.634327e+003,1.028255e+000
2.636256e+003,1.027933e+000
2.638184e+003,1.027872e+000
2.640113e+003,1.027853e+000
2.642041e+003,1.027864e+000
2.643969e+003,1.027487e+000
2.645898e+003,1.027147e+000
2.647826e+003,1.026914e+000
2.649755e+003,1.027405e+000
2.651684e+003,1.027612e+000
2.653612e+003,1.027436e+000
2.655541e+003,1.027768e+000
2.657469e+003,1.028289e+000
2.659397e+003,1.028513e+000
2.661326e+003,1.028723e+000
2.663254e+003,1.028860e+000
2.665183e+003,1.028592e+000
2.667112e+003,1.028381e+000
2.669040e+003,1.028442e+000
2.670969e+003,1.028571e+000
2.672897e+003,1.028821e+000
2.674825e+003,1.029312e+000
2.676754e+003,1.029187e+000
2.678682e+003,1.028642e+000
2.680611e+003,1.029205e+000
2.682540e+003,1.029645e+000
2.684468e+003,1.029829e+000
2.686396e+003,1.029929e+000
2.688325e+003,1.030359e+000
2.690253e+003,1.030805e+000
2.692182e+003,1.031354e+000
2.694110e+003,1.031814e+000
2.696039e+003,1.032178e+000
2.697968e+003,1.032107e+000
2.699896e+003,1.031961e+000
2.701824e+003,1.032432e+000
2.703753e+003,1.032802e+000
2.705681e+003,1.032663e+000
2.707610e+003,1.032694e+000
2.709538e+003,1.033139e+000
2.711467e+003,1.033489e+000
2.713396e+003,1.033698e+000
2.715324e+003,1.034329e+000
2.717252e+003,1.034213e+000
2.719181e+003,1.034056e+000
2.721109e+003,1.034771e+000
2.723038e+003,1.035315e+000
2.724966e+003,1.034940e+000
2.726895e+003,1.035100e+000
2.728823e+003,1.035771e+000
2.730752e+003,1.036048e+000
2.732680e+003,1.036122e+000
2.734609e+003,1.035814e+000
2.736537e+003,1.035966e+000
2.738466e+003,1.036551e+000
2.740394e+003,1.036550e+000
2.742323e+003,1.036264e+000
2.744251e+003,1.036275e+000
2.746180e+003,1.036284e+000
2.748108e+003,1.036624e+000
2.750037e+003,1.037644e+000
2.751965e+003,1.038229e+000
2.753894e+003,1.038502e+000
2.755822e+003,1.038413e+000
2.757751e+003,1.038154e+000
2.759679e+003,1.038268e+000
2.761608e+003,1.038870e+000
2.763536e+003,1.039228e+000
2.765465e+003,1.039266e+000
2.767393e+003,1.039293e+000
2.769322e+003,1.039619e+000
2.771250e+003,1.040178e+000
2.773179e+003,1.040790e+000
2.775107e+003,1.041266e+000
2.777036e+003,1.041716e+000
2.778964e+003,1.041161e+000
2.780893e+003,1.040568e+000
2.782821e+003,1.041017e+000
2.784750e+003,1.041362e+000
2.786678e+003,1.041359e+000
2.788607e+003,1.041546e+000
2.790535e+003,1.041469e+000
2.792464e+003,1.042226e+000
2.794392e+003,1.043130e+000
2.796321e+003,1.043489e+000
2.798249e+003,1.043668e+000
2.800178e+003,1.043417e+000
2.802106e+003,1.043159e+000
2.804035e+003,1.043012e+000
2.805963e+003,1.043142e+000
2.807892e+003,1.044076e+000
2.809820e+003,1.044546e+000
2.811749e+003,1.044683e+000
2.813677e+003,1.044590e+000
2.815606e+003,1.045193e+000
2.817534e+003,1.045341e+000
2.819463e+003,1.045515e+000
2.821391e+003,1.046259e+000
2.823320e+003,1.046735e+000
2.825248e+003,1.047418e+000
2.827177e+003,1.047780e+000
2.829105e+003,1.048209e+000
2.831034e+003,1.048835e+000
2.832962e+003,1.049789e+000
2.834891e+003,1.050863e+000
2.836819e+003,1.052655e+000
2.838748e+003,1.054786e+000
2.840676e+003,1.056461e+000
2.842605e+003,1.059592e+000
2.844533e+003,1.064356e+000
2.846462e+003,1.070289e+000
2.848390e+003,1.075073e+000
2.850319e+003,1.077488e+000
2.852247e+003,1.075947e+000
2.854176e+003,1.072744e+000
2.856104e+003,1.069965e+000
2.858033e+003,1.067163e+000
2.859961e+003,1.063845e+000
2.861890e+003,1.061180e+000
2.863818e+003,1.059813e+000
2.865747e+003,1.058935e+000
2.867675e+003,1.058563e+000
2.869604e+003,1.058144e+000
2.871532e+003,1.057831e+000
2.873461e+003,1.057556e+000
2.875389e+003,1.058285e+000
2.877318e+003,1.059115e+000
2.879246e+003,1.058892e+000
2.881175e+003,1.058477e+000
2.883103e+003,1.058558e+000
2.885032e+003,1.059447e+000
2.886960e+003,1.060774e+000
2.888889e+003,1.061686e+000
2.890817e+003,1.062748e+000
2.892746e+003,1.064032e+000
2.894674e+003,1.064825e+000
2.896603e+003,1.066051e+000
2.898531e+003,1.066680e+000
2.900460e+003,1.068267e+000
2.902388e+003,1.070008e+000
2.904317e+003,1.071278e+000
2.906245e+003,1.073502e+000
2.908174e+003,1.076847e+000
2.910102e+003,1.080367e+000
2.912031e+003,1.085312e+000
2.913959e+003,1.091464e+000
2.915888e+003,1.096455e+000
2.917816e+003,1.099110e+000
2.919745e+003,1.099120e+000
2.921673e+003,1.097828e+000
2.923602e+003,1.095665e+000
2.925530e+003,1.092916e+000
2.927458e+003,1.090466e+000
2.929387e+003,1.087325e+000
2.931316e+003,1.083619e+000
2.933244e+003,1.080127e+000
2.935173e+003,1.077377e+000
2.937101e+003,1.074263e+000
2.939030e+003,1.071739e+000
2.940958e+003,1.069935e+000
2.942886e+003,1.068668e+000
2.944815e+003,1.067122e+000
2.946744e+003,1.065897e+000
2.948672e+003,1.065599e+000
2.950601e+003,1.066254e+000
2.952529e+003,1.067011e+000
2.954458e+003,1.067745e+000
2.956386e+003,1.068662e+000
2.958314e+003,1.068526e+000
2.960243e+003,1.066671e+000
2.962172e+003,1.065704e+000
2.964100e+003,1.065345e+000
2.966029e+003,1.064732e+000
2.967957e+003,1.063462e+000
2.969885e+003,1.062108e+000
2.971814e+003,1.060332e+000
2.973742e+003,1.058847e+000
2.975671e+003,1.057589e+000
2.977600e+003,1.057632e+000
2.979528e+003,1.057737e+000
2.981457e+003,1.057484e+000
2.983385e+003,1.057554e+000
2.985313e+003,1.057405e+000
2.987242e+003,1.056723e+000
2.989170e+003,1.056676e+000
2.991099e+003,1.057031e+000
2.993028e+003,1.057490e+000
2.994956e+003,1.057477e+000
2.996885e+003,1.057644e+000
2.998813e+003,1.057681e+000
3.000741e+003,1.057731e+000
3.002670e+003,1.057942e+000
3.004598e+003,1.058463e+000
3.006527e+003,1.058495e+000
3.008456e+003,1.058248e+000
3.010384e+003,1.058142e+000
3.012313e+003,1.058502e+000
3.014241e+003,1.058375e+000
3.016169e+003,1.058021e+000
3.018098e+003,1.058340e+000
3.020026e+003,1.059024e+000
3.021955e+003,1.059724e+000
3.023884e+003,1.059922e+000
3.025812e+003,1.060036e+000
3.027740e+003,1.060088e+000
3.029669e+003,1.059718e+000
3.031597e+003,1.060109e+000
3.033526e+003,1.060868e+000
3.035454e+003,1.061725e+000
3.037383e+003,1.061778e+000
3.039312e+003,1.061683e+000
3.041240e+003,1.061671e+000
3.043168e+003,1.061850e+000
3.045097e+003,1.062558e+000
3.047025e+003,1.062487e+000
3.048954e+003,1.062602e+000
3.050882e+003,1.063333e+000
3.052811e+003,1.063357e+000
3.054740e+003,1.062794e+000
3.056668e+003,1.062342e+000
3.058596e+003,1.062624e+000
3.060525e+003,1.063096e+000
3.062453e+003,1.063171e+000
3.064382e+003,1.062872e+000
3.066310e+003,1.063406e+000
3.068239e+003,1.064020e+000
3.070167e+003,1.064367e+000
3.072096e+003,1.064708e+000
3.074024e+003,1.065179e+000
3.075953e+003,1.065187e+000
3.077881e+003,1.064937e+000
3.079810e+003,1.064954e+000
3.081738e+003,1.064932e+000
3.083667e+003,1.065209e+000
3.085595e+003,1.066040e+000
3.087524e+003,1.066329e+000
3.089452e+003,1.066074e+000
3.091381e+003,1.065844e+000
3.093309e+003,1.065510e+000
3.095238e+003,1.066059e+000
3.097166e+003,1.066700e+000
3.099095e+003,1.066313e+000
3.101023e+003,1.065763e+000
3.102952e+003,1.065833e+000
3.104880e+003,1.066130e+000
3.106809e+003,1.066813e+000
3.108737e+003,1.067076e+000
3.110666e+003,1.066487e+000
3.112594e+003,1.066857e+000
3.114523e+003,1.068236e+000
3.116451e+003,1.068100e+000
3.118380e+003,1.067747e+000
3.120308e+003,1.068056e+000
3.122237e+003,1.068467e+000
3.124165e+003,1.068864e+000
3.126094e+003,1.067921e+000
3.128022e+003,1.067816e+000
3.129951e+003,1.069078e+000
3.131879e+003,1.069978e+000
3.133808e+003,1.070065e+000
3.135736e+003,1.069924e+000
3.137665e+003,1.070134e+000
3.139593e+003,1.069744e+000
3.141522e+003,1.069411e+000
3.143450e+003,1.069971e+000
3.145379e+003,1.070641e+000
3.147307e+003,1.070567e+000
3.149236e+003,1.070406e+000
3.151164e+003,1.070652e+000
3.153093e+003,1.070775e+000
3.155021e+003,1.071127e+000
3.156950e+003,1.070776e+000
3.158878e+003,1.070506e+000
3.160807e+003,1.070961e+000
3.162735e+003,1.072143e+000
3.164664e+003,1.072742e+000
3.166592e+003,1.072498e+000
3.168521e+003,1.072746e+000
3.170449e+003,1.072855e+000
3.172378e+003,1.072442e+000
3.174306e+003,1.073349e+000
3.176235e+003,1.073483e+000
3.178163e+003,1.073078e+000
3.180092e+003,1.072601e+000
3.182020e+003,1.072667e+000
3.183949e+003,1.072609e+000
3.185877e+003,1.072930e+000
3.187806e+003,1.073721e+000
3.189734e+003,1.074340e+000
3.191663e+003,1.074433e+000
3.193591e+003,1.073980e+000
3.195520e+003,1.074244e+000
3.197448e+003,1.074278e+000
3.199377e+003,1.074956e+000
3.201305e+003,1.076027e+000
3.203234e+003,1.075831e+000
3.205162e+003,1.075100e+000
3.207091e+003,1.075271e+000
3.209019e+003,1.075648e+000
3.210948e+003,1.075504e+000
3.212876e+003,1.075716e+000
3.214805e+003,1.075698e+000
3.216733e+003,1.076362e+000
3.218662e+003,1.076895e+000
3.220590e+003,1.077457e+000
3.222519e+003,1.077529e+000
3.224447e+003,1.076989e+000
3.226376e+003,1.076529e+000
3.228304e+003,1.076938e+000
3.230233e+003,1.078155e+000
3.232161e+003,1.078201e+000
3.234090e+003,1.076912e+000
3.236018e+003,1.076842e+000
3.237947e+003,1.077218e+000
3.239875e+003,1.077944e+000
3.241804e+003,1.078862e+000
3.243732e+003,1.078712e+000
3.245661e+003,1.078624e+000
3.247589e+003,1.078984e+000
3.249518e+003,1.079036e+000
3.251446e+003,1.079188e+000
3.253375e+003,1.078913e+000
3.255303e+003,1.079115e+000
3.257232e+003,1.079087e+000
3.259160e+003,1.079525e+000
3.261089e+003,1.080612e+000
3.263017e+003,1.081305e+000
3.264946e+003,1.080763e+000
3.266874e+003,1.080325e+000
3.268802e+003,1.080067e+000
3.270731e+003,1.080225e+000
3.272660e+003,1.080281e+000
3.274588e+003,1.080474e+000
3.276517e+003,1.080904e+000
3.278445e+003,1.080750e+000
3.280374e+003,1.079827e+000
3.282302e+003,1.080421e+000
3.284230e+003,1.081608e+000
3.286159e+003,1.081734e+000
3.288088e+003,1.081231e+000
3.290016e+003,1.081785e+000
3.291945e+003,1.082304e+000
3.293873e+003,1.081919e+000
3.295802e+003,1.081327e+000
3.297730e+003,1.081747e+000
3.299658e+003,1.082721e+000
3.301587e+003,1.082989e+000
3.303516e+003,1.082972e+000
3.305444e+003,1.082430e+000
3.307373e+003,1.082348e+000
3.309301e+003,1.083102e+000
3.311229e+003,1.083984e+000
3.313158e+003,1.083974e+000
3.315086e+003,1.083164e+000
3.317015e+003,1.082198e+000
3.318944e+003,1.082551e+000
3.320872e+003,1.083914e+000
3.322801e+003,1.084083e+000
3.324729e+003,1.083747e+000
3.326657e+003,1.083414e+000
3.328586e+003,1.083766e+000
3.330514e+003,1.084261e+000
3.332443e+003,1.083939e+000
3.334372e+003,1.084108e+000
3.336300e+003,1.084753e+000
3.338229e+003,1.084762e+000
3.340157e+003,1.084828e+000
3.342085e+003,1.085628e+000
3.344014e+003,1.085378e+000
3.345942e+003,1.084834e+000
3.347871e+003,1.084540e+000
3.349800e+003,1.084618e+000
3.351728e+003,1.085965e+000
3.353656e+003,1.086254e+000
3.355585e+003,1.086267e+000
3.357513e+003,1.086765e+000
3.359442e+003,1.086228e+000
3.361370e+003,1.085542e+000
3.363299e+003,1.085480e+000
3.365228e+003,1.086087e+000
3.367156e+003,1.086485e+000
3.369084e+003,1.086503e+000
3.371013e+003,1.085701e+000
3.372941e+003,1.086578e+000
3.374870e+003,1.087633e+000
3.376798e+003,1.087302e+000
3.378727e+003,1.086499e+000
3.380656e+003,1.086934e+000
3.382584e+003,1.087057e+000
3.384512e+003,1.086627e+000
3.386441e+003,1.087058e+000
3.388369e+003,1.086692e+000
3.390298e+003,1.086652e+000
3.392226e+003,1.086747e+000
3.394155e+003,1.086757e+000
3.396083e+003,1.086941e+000
3.398012e+003,1.088070e+000
3.399940e+003,1.088751e+000
3.401869e+003,1.088713e+000
3.403797e+003,1.088764e+000
3.405726e+003,1.089313e+000
3.407654e+003,1.089260e+000
3.409583e+003,1.089102e+000
3.411511e+003,1.089571e+000
3.413440e+003,1.089855e+000
3.415368e+003,1.089055e+000
3.417297e+003,1.089341e+000
3.419225e+003,1.090063e+000
3.421154e+003,1.090658e+000
3.423082e+003,1.091481e+000
3.425011e+003,1.091742e+000
3.426939e+003,1.091026e+000
3.428868e+003,1.090850e+000
3.430796e+003,1.090779e+000
3.432725e+003,1.090935e+000
3.434653e+003,1.091314e+000
3.436582e+003,1.091291e+000
3.438510e+003,1.091048e+000
3.440439e+003,1.091595e+000
3.442367e+003,1.092755e+000
3.444296e+003,1.093214e+000
3.446224e+003,1.091905e+000
3.448153e+003,1.091273e+000
3.450081e+003,1.091678e+000
3.452010e+003,1.092074e+000
3.453938e+003,1.091790e+000
3.455867e+003,1.092374e+000
3.457795e+003,1.092744e+000
3.459724e+003,1.092101e+000
3.461652e+003,1.091208e+000
3.463581e+003,1.091483e+000
3.465509e+003,1.091942e+000
3.467438e+003,1.092204e+000
3.469366e+003,1.093192e+000
3.471295e+003,1.094239e+000
3.473223e+003,1.093751e+000
3.475152e+003,1.093277e+000
3.477080e+003,1.092822e+000
3.479009e+003,1.091988e+000
3.480937e+003,1.092126e+000
3.482866e+003,1.094553e+000
3.484794e+003,1.095931e+000
3.486723e+003,1.095783e+000
3.488651e+003,1.094956e+000
3.490580e+003,1.094365e+000
3.492508e+003,1.094068e+000
3.494437e+003,1.094650e+000
3.496365e+003,1.095527e+000
3.498294e+003,1.094747e+000
3.500222e+003,1.093034e+000
3.502151e+003,1.091826e+000
3.504079e+003,1.092596e+000
3.506008e+003,1.094149e+000
3.507936e+003,1.093490e+000
3.509865e+003,1.093267e+000
3.511793e+003,1.094348e+000
3.513722e+003,1.094776e+000
3.515650e+003,1.094123e+000
3.517579e+003,1.094221e+000
3.519507e+003,1.094723e+000
3.521436e+003,1.093330e+000
3.523364e+003,1.092191e+000
3.525293e+003,1.092951e+000
3.527221e+003,1.092378e+000
3.529150e+003,1.092790e+000
3.531078e+003,1.094548e+000
3.533007e+003,1.094990e+000
3.534935e+003,1.093757e+000
3.536864e+003,1.094206e+000
3.538792e+003,1.095429e+000
3.540721e+003,1.095493e+000
3.542649e+003,1.094598e+000
3.544578e+003,1.093106e+000
3.546506e+003,1.093223e+000
3.548435e+003,1.095258e+000
3.550363e+003,1.094930e+000
3.552292e+003,1.094086e+000
3.554220e+003,1.095044e+000
3.556149e+003,1.095180e+000
3.558077e+003,1.094730e+000
3.560006e+003,1.094201e+000
3.561934e+003,1.093951e+000
3.563863e+003,1.092401e+000
3.565791e+003,1.089163e+000
3.567720e+003,1.090862e+000
3.569648e+003,1.093696e+000
3.571577e+003,1.094235e+000
3.573505e+003,1.094423e+000
3.575434e+003,1.094371e+000
3.577362e+003,1.094347e+000
3.579291e+003,1.094683e+000
3.581219e+003,1.094041e+000
3.583148e+003,1.093200e+000
3.585076e+003,1.090755e+000
3.587005e+003,1.089154e+000
3.588933e+003,1.092825e+000
3.590862e+003,1.094057e+000
3.592790e+003,1.092224e+000
3.594719e+003,1.092278e+000
3.596647e+003,1.093812e+000
3.598576e+003,1.093846e+000
3.600504e+003,1.094113e+000
3.602433e+003,1.094758e+000
3.604361e+003,1.093573e+000
3.606290e+003,1.091262e+000
3.608218e+003,1.091655e+000
3.610146e+003,1.094152e+000
3.612075e+003,1.093608e+000
3.614004e+003,1.093315e+000
3.615932e+003,1.092406e+000
3.617861e+003,1.089314e+000
3.619789e+003,1.089904e+000
3.621718e+003,1.093991e+000
3.623646e+003,1.094735e+000
3.625574e+003,1.092866e+000
3.627503e+003,1.089631e+000
3.629432e+003,1.093469e+000
3.631360e+003,1.094354e+000
3.633289e+003,1.092557e+000
3.635217e+003,1.094488e+000
3.637146e+003,1.094194e+000
3.639074e+003,1.094562e+000
3.641002e+003,1.094437e+000
3.642931e+003,1.093625e+000
3.644860e+003,1.092202e+000
3.646788e+003,1.089510e+000
3.648717e+003,1.089700e+000
3.650645e+003,1.092749e+000
3.652573e+003,1.095662e+000
3.654502e+003,1.092203e+000
3.656430e+003,1.091724e+000
3.658359e+003,1.095201e+000
3.660288e+003,1.096809e+000
3.662216e+003,1.096474e+000
3.664145e+003,1.095276e+000
3.666073e+003,1.094058e+000
3.668001e+003,1.090977e+000
3.669930e+003,1.091045e+000
3.671858e+003,1.094027e+000
3.673787e+003,1.089592e+000
3.675716e+003,1.091648e+000
3.677644e+003,1.094656e+000
3.679573e+003,1.095811e+000
3.681501e+003,1.097861e+000
3.683429e+003,1.097358e+000
3.685358e+003,1.095770e+000
3.687286e+003,1.092479e+000
3.689215e+003,1.092855e+000
3.691144e+003,1.094194e+000
3.693072e+003,1.096646e+000
3.695000e+003,1.096092e+000
3.696929e+003,1.095426e+000
3.698857e+003,1.095799e+000
3.700786e+003,1.094961e+000
3.702714e+003,1.095774e+000
3.704643e+003,1.096903e+000
3.706572e+003,1.095546e+000
3.708500e+003,1.093393e+000
3.710428e+003,1.094200e+000
3.712357e+003,1.097129e+000
3.714285e+003,1.097420e+000
3.716214e+003,1.096378e+000
3.718142e+003,1.096084e+000
3.720071e+003,1.096967e+000
3.722000e+003,1.097410e+000
3.723928e+003,1.096374e+000
3.725856e+003,1.095589e+000
3.727785e+003,1.097384e+000
3.729713e+003,1.096612e+000
3.731642e+003,1.094967e+000
3.733570e+003,1.093893e+000
3.735499e+003,1.094253e+000
3.737427e+003,1.098027e+000
3.739356e+003,1.098239e+000
3.741284e+003,1.098003e+000
3.743213e+003,1.097267e+000
3.745141e+003,1.100641e+000
3.747070e+003,1.096920e+000
3.748998e+003,1.092042e+000
3.750927e+003,1.093570e+000
3.752855e+003,1.098192e+000
3.754784e+003,1.097917e+000
3.756712e+003,1.095949e+000
3.758641e+003,1.095574e+000
3.760569e+003,1.097803e+000
3.762498e+003,1.099196e+000
3.764426e+003,1.095966e+000
3.766355e+003,1.096317e+000
3.768283e+003,1.096191e+000
3.770212e+003,1.096339e+000
3.772140e+003,1.098134e+000
3.774069e+003,1.098668e+000
3.775997e+003,1.097725e+000
3.777926e+003,1.095125e+000
3.779854e+003,1.097012e+000
3.781783e+003,1.099191e+000
3.783711e+003,1.097070e+000
3.785640e+003,1.097018e+000
3.787568e+003,1.098258e+000
3.789497e+003,1.099090e+000
3.791425e+003,1.100648e+000
3.793354e+003,1.100387e+000
3.795282e+003,1.098546e+000
3.797211e+003,1.099203e+000
3.799139e+003,1.097464e+000
3.801068e+003,1.094740e+000
3.802996e+003,1.099096e+000
3.804925e+003,1.098761e+000
3.806853e+003,1.097772e+000
3.808782e+003,1.100242e+000
3.810710e+003,1.100962e+000
3.812639e+003,1.101987e+000
3.814567e+003,1.100945e+000
3.816496e+003,1.101558e+000
3.818424e+003,1.098301e+000
3.820353e+003,1.095667e+000
3.822281e+003,1.101015e+000
3.824210e+003,1.100679e+000
3.826138e+003,1.101131e+000
3.828067e+003,1.103032e+000
3.829995e+003,1.102005e+000
3.831924e+003,1.101112e+000
3.833852e+003,1.101601e+000
3.835781e+003,1.101435e+000
3.837709e+003,1.100547e+000
3.839638e+003,1.099326e+000
3.841566e+003,1.099058e+000
3.843495e+003,1.100136e+000
3.845423e+003,1.103653e+000
3.847352e+003,1.104023e+000
3.849280e+003,1.102121e+000
3.851209e+003,1.100347e+000
3.853137e+003,1.104257e+000
3.855066e+003,1.107369e+000
3.856994e+003,1.104050e+000
3.858923e+003,1.103226e+000
3.860851e+003,1.101572e+000
3.862780e+003,1.101522e+000
3.864708e+003,1.103413e+000
3.866637e+003,1.105340e+000
3.868565e+003,1.100918e+000
3.870494e+003,1.102811e+000
3.872422e+003,1.102467e+000
3.874351e+003,1.103775e+000
3.876279e+003,1.107082e+000
3.878208e+003,1.104115e+000
3.880136e+003,1.102063e+000
3.882065e+003,1.104511e+000
3.883993e+003,1.103638e+000
3.885922e+003,1.105056e+000
3.887850e+003,1.106847e+000
3.889779e+003,1.103382e+000
3.891707e+003,1.102352e+000
3.893636e+003,1.105081e+000
3.895564e+003,1.107200e+000
3.897493e+003,1.105751e+000
3.899421e+003,1.105976e+000
3.901350e+003,1.105649e+000
3.903278e+003,1.104824e+000
3.905207e+003,1.105796e+000
3.907135e+003,1.106991e+000
3.909064e+003,1.108266e+000
3.910992e+003,1.109400e+000
3.912921e+003,1.108633e+000
3.914849e+003,1.106410e+000
3.916778e+003,1.106424e+000
3.918706e+003,1.106641e+000
3.920635e+003,1.107059e+000
3.922563e+003,1.107631e+000
3.924492e+003,1.108026e+000
3.926420e+003,1.109276e+000
3.928349e+003,1.108436e+000
3.930277e+003,1.107430e+000
3.932206e+003,1.106803e+000
3.934134e+003,1.107666e+000
3.936063e+003,1.108062e+000
3.937991e+003,1.109116e+000
3.939920e+003,1.109012e+000
3.941848e+003,1.108678e+000
3.943777e+003,1.109488e+000
3.945705e+003,1.108871e+000
3.947634e+003,1.108001e+000
3.949562e+003,1.109089e+000
3.951490e+003,1.109190e+000
3.953419e+003,1.108140e+000
3.955348e+003,1.108365e+000
3.957276e+003,1.109921e+000
3.959205e+003,1.110126e+000
3.961133e+003,1.110250e+000
3.963062e+003,1.110652e+000
3.964990e+003,1.111082e+000
3.966918e+003,1.111306e+000
3.968847e+003,1.110413e+000
3.970776e+003,1.109462e+000
3.972704e+003,1.110093e+000
3.974633e+003,1.110037e+000
3.976561e+003,1.110824e+000
3.978490e+003,1.111647e+000
3.980418e+003,1.110793e+000
3.982346e+003,1.110704e+000
3.984275e+003,1.110440e+000
3.986204e+003,1.111034e+000
3.988132e+003,1.112268e+000
3.990061e+003,1.113198e+000
3.991989e+003,1.113735e+000
3.993917e+003,1.112736e+000
3.995846e+003,1.112290e+000
3.997774e+003,1.113126e+000
3.999703e+003,1.113508e+000
4.001632e+003,0.000000e+000
